Full Path,MD5,SHA-1,SHA-256,SHA-384,SHA-512,Status
.\.gitignore,c8ab2a632f4ada8b2a02ec484a729308,defaba962ee405d54c70cec84c6dad84e1ecf212,2eaf47848574d4c7cd424250f57eaa3e8379b2148ff0becf13fc59b9c5c95e61,522fc40e913cab2ffcdd78cd7ac20db779b9dcc1851b01f2cdf51a7f2a18c4802bfb3cb19d751896a58952177abfad9e,abd1f4be3a7401a69ff57d4eadadaf2f108b5482b51ba97a852856e0d40d0439aaa4c1b1c89daca2d483f04477b21170d8c5d5f45d99ac4e111f60d955f41525,Successful
.\b4CP.scripts.v05.38.00.000.2026-02-08-1745CST.tgz,0f8063d50a762ac51a5a7a4d8108ce00,969661bffbc238cd5812735dbe7cc68e329bab24,cd4b6b8f7117025ae814d5334e382b751c8e91cdd76a6133b16c977633d9973f,5841e5f8b6fa53bd7427c6eb53b3e2e14e45a575726d0a28e468d386bf2887bbdeaebfc0fbf3b2584777fb5b2a92b7ef,13083c687cffbd6ed32feafb7a960498abdd675321ad6aba358f8e17c39c6990f526c304db7dcccc8bf8d87646ebe8f3607197da92e7431c97e958084257ff21,Successful
.\B4CP.scripts.v05.38.00.000.275.2026-02-08-1745CST.INFO,a7a3dd92a02d390eec91f6cdbcd2f795,f7a8c900ee59be87ed041c31b421abbe5c77d215,9f61b011b2291d8e27cc31e472ccf0712dc70a0325b2d7918a84c10c5ab6792c,20deab6e6d6811e1be456269fae55d779a92af253012bbb325781b2d3c2838f6b9d177c95b244838499c29bdf861dd0c,e6e48e90b3325a0bd87535e7667414695607c1493a392c77510dc28184555d4d9e92f65a237c9fd61e4f2f8a1084d03395cc5114f9b4146f34c0f35db9962c81,Successful
.\b4CP.scripts.v05.38.00.000.tgz,0f8063d50a762ac51a5a7a4d8108ce00,969661bffbc238cd5812735dbe7cc68e329bab24,cd4b6b8f7117025ae814d5334e382b751c8e91cdd76a6133b16c977633d9973f,5841e5f8b6fa53bd7427c6eb53b3e2e14e45a575726d0a28e468d386bf2887bbdeaebfc0fbf3b2584777fb5b2a92b7ef,13083c687cffbd6ed32feafb7a960498abdd675321ad6aba358f8e17c39c6990f526c304db7dcccc8bf8d87646ebe8f3607197da92e7431c97e958084257ff21,Successful
.\File_Hashes_scripts_v05.38.00.000.275.csv,9c72daaa1933688ff94587edad772b39,484f59badef19dce99a2f91dea8d24711b0cedd9,5df5b30e068b0f552c3545b45ed0120fc12efadd19d975e363f8a7aa13a7a33b,8ca3a3a71fe6e3c4b975e54ea65df05a54644c0081a5743124714106665c88ccbc8eaec5d507424d737d40988c623345,5ccfe8501d72f781fd59c2545e7e9fb0b0d9f62339b0a7d092b77a420cc70e0ebff2c61147db7b4f72643df870604fb0128f1c15e135521678353b47c85f8415,Successful
.\LICENSE,3c34afdc3adf82d2448f12715a255122,7713a1753ce88f2c7e6b054ecc8e4c786df76300,0b383d5a63da644f628d99c33976ea6487ed89aaa59f0b3257992deac1171e6b,025cbdf3040f07c22a735735387759f584ceb8f4bb98d82f5c9f2d866276fe7a30be0bf2026f8e4966e861118338ed5b,4937848b94f5b50ea16c51f9e98fdcd3953aca63d63ca3bb05d8a62c107e382b71c496838d130ae504a52032398630b957acaea6c48032081a6366d27cba5ea9,Successful
.\make_github_scripts_tgz.v05.38.00.sh,3100719e5a3ba7592761902bfca10077,43c59ea008c135c0f92754ee738f1c36274f4575,b95af6c6062a81324ebb02c22a24821ca16ffcad216c0fba1b0d432f3a3e6f47,399c8f5d35ffe732aa76139ef573d57e12c238446d90125112abbe0a4c6f06cb89deb8b51a3ab52a6f1477235404bd7c,aeded328dec7fedd925201268bd9491e43e563cf618217d7387a381e340c5f8d55f38ce1a7a9d70ab4d8258e509bedb1974649606874a320485f17ec278dccbf,Successful
.\README.md,009ab3968c8dcb6653b05089fb3a1e97,d221c4c27060d10d6b83670e6eaa46f0c7823f0a,5427c12003b315cc727814210bc3b75346cda01695666f6ae8cc7501b160bf6a,e078328cf6ab45aa424aaf9f77e3d4d39161b129f4a8c795de1f6067910b60a484fa2a9a41ade4fcda4492c010fdc70b,55107c603def8dfe72ef1e3b796a39863cdcefad04d82fe31e3b3e67c0c9784de1ff2f5d63c5c5ca3c4f489f3823b7a2d0659d448101df18b19ef37294ef1a8a,Successful
.\RELEASE_INFORMATION.b4CP.v05.38.00.000.md,aa3f8393b1ee289a5025107815635215,2e089cf3603c6864ba8ec9cb485faaae5fb07a88,6ba640c45807fffeddfea09f86cb8afa2265221f9d3cdfd63d62c06ee836d643,2982434be0bbd9ef94e1570088bcfe97ede2b13216714536379aa2b983987cdbdceb383c2a3880299f153e4d045cfaa0,043b8caff811e0896a385ef0a08456eeeef5f1aabdaf6ede2102dca2e337c105d1557f677c700d9aaf0dc02f504cbfd135b6a956b1835f8a15caf2643cae23d3,Successful
.\scripts.2026-02-08-1745CST.v05.38.00.000.version,ab5e411478ebcc11ade590266ea8df97,34d446d8efc96017f37b6ab5e9496513dc69225e,d8dafdd6fc5a044ee8961a8f894155db3447e8e07918490a350df312b0bc8a09,3900e3b5d69818a5d5f2df7c6ef7d115115431f8ab778f05c39a648b93f9356fc578b4454875cbb9e092b8911d25fb65,1905381b5d59a36fdad750ac8c312fdc835435c26953a04a40c14763935d4ad5a779aefee0a5aff74cca4a0fb5897175c7a77d94c9aa23fb891b55541c6dc0e5,Successful
.\scripts\__root_script_config.sh,7743a61c57c63cf61aea287862a921ad,fa6414266c4fa986bdf0a187e7f217f59822f536,745d240a2076034719b569442ffacd7bdd65dc988a7313c03c9af159dc4cf2ad,660300baf76e8ca191a822c2215e5b94651113863faffdb14d26f6695419398c7e44b659d801af43f9101d6e150be674,e5b01090268de862dd7056fb66eb9126b416444a80f9d05394d87abc3632dd5200c0e9000dad609ce7dd3c614c7c2d9cfe3b50a5f6cde1020482c3418c0ae147,Successful
.\scripts\__root_script_config.v05.38.00.sh,7743a61c57c63cf61aea287862a921ad,fa6414266c4fa986bdf0a187e7f217f59822f536,745d240a2076034719b569442ffacd7bdd65dc988a7313c03c9af159dc4cf2ad,660300baf76e8ca191a822c2215e5b94651113863faffdb14d26f6695419398c7e44b659d801af43f9101d6e150be674,e5b01090268de862dd7056fb66eb9126b416444a80f9d05394d87abc3632dd5200c0e9000dad609ce7dd3c614c7c2d9cfe3b50a5f6cde1020482c3418c0ae147,Successful
.\scripts\_api_subscripts\_code_snippets\2021-05-04 Conti PREVENT.zip,542e4361db9edacae7135eced73ed850,add69db255a3f0577ac60d340bc57319ad1061cd,f85c5099c0cf86c3ca52e057d82a77778289bac2f653c099b35999ab1ca6a0fb,410472ecf5669c66cead1ef4a5f4d19147ab055064bd2f1dcdfdb29a0e77e993dd22528ab0aea6bb066600c18ceffac3,1796961d7f97beb6c9f27fa459cfb84861a86e4028b3541894f7a3743067253bc04c87bda925a3f3ad0073de8f699523f1cb9fc6b14148a35d73716345949a9b,Successful
.\scripts\_api_subscripts\_code_snippets\code_snippet.basic_script_setup_API_scripts.common.020.v00.70.00.sh,2c50a1041ac91ca91b6883e1dfb24a3a,3e29f6f6a7e161d9b27f39c83f9f8c21e12c86f0,6da88055931b1717a0dcc25f1344ce86c94c0cdbe7418da3a1515062f8c9a494,bdb017431047fcc48a6427b2019d04f556cc1683b77f1813a5d41afc1ff85f947ec7ba840c470ab69115e6157988fcd6,b903f8983cbc9233c3cfee556b319c6b3f92d353457415afe63138ba225a91412a666d677e507dc32bda2b5ff0d9640e63cdd13b5402d230b895e044aa46245f,Successful
.\scripts\_api_subscripts\_code_snippets\code_snippet.cmd_line_parameters_handler.common.020.v00.70.00.sh,c767517f794445ce177cda23f21e8d35,48648e90fee3df18f94cd6a008443b8809509e62,10a5380fc1c4a635a22578886b4dcd979dbaae9b994577638232141fc70cef5a,b0173dfd364136f10eb1b731be4a1442e91c79388d95826a78809105b53d1867a9d68c0de2557fdd13f2e387e6972b75,3f901468ab1d9fe26b3ee32cc5ac101108d1dc9241dfa8bbf3037ecf79cbe9b736ddf12b8f959cb59f937cdf6735b1430ee1949bc8f6e3aa5ebd63d8a7199283,Successful
.\scripts\_api_subscripts\_code_snippets\code_snippet.identify_gaia_and Installation.common.020.v00.70.00.sh,e613d3c0c8fbf9a2a4453cd79a93c72f,2b99d033d35151d55a3af76fb52e10379c608043,36e1dc9b6f1e477e124a75476c9d9f0a2a2dcd779246752428fd6563f488684a,8d716f08929eea24c4454fb7b9578a48248e9764c158a26c67f0361f027e1069732a32d89fccb41c5d4ae04f9434bbaf,36da1365b6f8c6ce6c873620067b562dee4a61dfebce595249751de4cff7a72493e232bd4b0f71a1104ad96ee99de55127daacca271fc11eb6cdf91b9f08dfb3,Successful
.\scripts\_api_subscripts\_code_snippets\code_snippet.mgmt_cli_api_operations.common.020.v00.70.00.sh,56b0a0a62229acee7ff826858a6f5534,7026288057e524c78296791894edb74d33c46851,3ea1a1d139646fcabd6fabfe68e0ac8f17ae10824db0305433b05e0796f0d148,e2679c6437acd1f956b23bd657019b81204b5e73bfab0ed7133ed305ae6d80e99c6454aae758d4b15231899e9c3e9a87,817c109bcf806191e23ec341cc854861b2e44b05af831ff69f2af85dd777f1cf5863a9cf1f97473c26886ff6ff74af12c96f0f71b63312f25982022944aec401,Successful
.\scripts\_api_subscripts\_code_snippets\code_snippet.script_output_paths_and_folders_API_scripts.common.020.v00.70.00.sh,5641907be9a94c8c516831fa977a9cf5,c7f7dc6a13dbd618a7631a99c02f40b1e9dd505f,3061aa0c789732c7d18ca27b359671663248b1aaf1a4127deec3ec61e314e895,3a40a2d21123d43025dbb933bb6665ebd24b153561b54cab4e14a29a207f9bd5160f0691fe88c41d090c62aa7c2a877b,3e1cf106ca584cbfbe7abda1abc693ed711a588bd4998dcdc0ac609f41c309fafcbf926424e24d19489bca123edc24e95c4bac90308a66113421a873ee91a96d,Successful
.\scripts\_api_subscripts\api_mgmt_cli_shell_template_common_subscripts_handler.template.subscript.common.020.v00.70.00.sh,78b68fd99c8bd17d33bb35fafe0d9151,586cc92c54564679637870bdd86f893a0b3ffb0e,8220d2756fd20c0ecb84fddb549007479647870337fac19c74b93a880c684e34,f974937a039d2e275c5ad190ce4b9ff99d27e83378abd5574792373e6ad786341c7166cdc121da644096d19d32bdbc6c,d6f08fd06a1273c6e8e6dbe162c3b1d6dd750579207f168d5c944fce2fbb14be6a6471121276ce2075be2888b730790e4c91d7197684a44122626c81925fbfba,Successful
.\scripts\_api_subscripts\api_subscripts_version.020.v00.70.00.version,093dd9a75b313af2934191ad0eca0c4e,bf3bc69e85da49c0ee8f0ac89ed211c8867f2418,70fa9341e6d29c11927ffa6ae004462dba300161f33fc4864b39850e6f1fa626,c89dee0d3333f37ffa42f8032ba2abb8f2d5adab8e7e6e68a2d41ab5df3dab4d2cab44d468754dbb0d3e2e32e02e4132,b42ef0e91c7ab90c18d4b67a8f0c47917a8f65b5debb8a98f631445c3bf1badd66dd9079aa4157c794820884da4083ab1dc6f9730f88aab920dfccecf21c71eb,Successful
.\scripts\_api_subscripts\basic_script_setup_API_scripts.subscript.common.020.v00.70.00.sh,57f11b32194ebdf84b1c20a397c63fd5,bb0768799283bdcb67762b6bb936a688db040f6d,a3d97cb58d91b3d28b19036f0e65a79d29247ce2bec3dc05fcc242d9c9b5b162,c6a9e4261e01c0600aafa4b9c115a2635c4bd1568b04e0aebff9093aabffeae10fcc0b434bafe3274eda9f87c8ddcde6,bea4da2d49fe9ca157e44865cb4b68f7432d844b04e634912895059f2f4ba970cb1b91270e58d4ed38fe244a32a06f8503ac775766c91d7784cdbee51c9dcf04,Successful
.\scripts\_api_subscripts\cmd_line_parameters_handler.subscript.common.020.v00.70.00.sh,ca2648f47b493a41c8aef9837e013448,590064e6a5a1419fe01ec92da9bca878d6ff3a3c,53feb9b288905451d8da92df7070ec16200502bec0d28b0cba6618515fa36bc9,f139f128a4a5f813795d522a174f9a5b4279dc046275011f6838710482715d652506ef154da72aef8b3b2cef698c9fc8,a3ea94b1fcefcc921abc317f7694ac8da6bd9c9095dcd4c87416fe0d9bbd0391b1568aa26a532318f8df76183e184086539fcbd7f3437f05136f35849eb0b696,Successful
.\scripts\_api_subscripts\identify_gaia_and_installation.subscript.common.020.v00.70.00.sh,ca8a476455fa427d21381e32df39b906,b01ce070b1d5c3c1aaf87bccb8050f2570d7420f,a54ce17ec290c205149c4493b88be3ef09725cd842faf11886f58f73e6dbc32e,150e48467486de4a6a45664a34db261045ac7feaf2670099e24f719217c37f88142bc04925a8a0881943c6bc46e75a8f,bef22e72e825d88e949df0733aa1ebb585fadd271dc3a15fb63e1266d26cc014e0fc9f31a0d85dd68be589ebb6c2b7d4eba44020fec5903aa1703cd87e7f2da6,Successful
.\scripts\_api_subscripts\mgmt_cli_api_operations.subscript.common.020.v00.70.00.sh,aff9c72037dc0da1f547c5611cbc8511,6332bfecaca22f1ece47b5a19e91b7777ea5afdd,07df3cb48ce70a2f54bafe8c021237cf619b19af961eec19a9a69c628773afa1,7635e2c9f264441891ebd321dfc37716508b8636e72dc36ad8a8298d3ee6f8c0455822d2561ae3ecd6af885ccd936e1d,86617fb77258f34f01d5801ebf0b414f58f24f6f1312120f2ced968fdc3b33c60df5124ea788354dc8d23de023fa472481d4e6c77fc6406f957a778534ba83a6,Successful
.\scripts\_api_subscripts\script_output_paths_and_folders_API_scripts.subscript.common.020.v00.70.00.sh,e7f17bbbd1d9bc5ce0444168cffedc36,6ad57862399571065a036889124462ddc1ee83b8,49329ec75b9d463b98f26e558a8d3f574643a2267216bf6f80672634fdd8b25c,019857b997e4e648509aee3e6445622ef589b8e3167e43675381c8633f73468c1b795a4a4b1efd1bbab65748f1684dbb,cb913d83048e216da36e6829f7211f3798b4f4a6680f5b28ef32684abe1db528f9dbc7276e0abe9af837a9d8a29d5f71fcd5ee55ca128fd5e84c732fcefa1b3d,Successful
.\scripts\_api_subscripts\version.api_subscripts.020.v00.70.00.000.version,093dd9a75b313af2934191ad0eca0c4e,bf3bc69e85da49c0ee8f0ac89ed211c8867f2418,70fa9341e6d29c11927ffa6ae004462dba300161f33fc4864b39850e6f1fa626,c89dee0d3333f37ffa42f8032ba2abb8f2d5adab8e7e6e68a2d41ab5df3dab4d2cab44d468754dbb0d3e2e32e02e4132,b42ef0e91c7ab90c18d4b67a8f0c47917a8f65b5debb8a98f631445c3bf1badd66dd9079aa4157c794820884da4083ab1dc6f9730f88aab920dfccecf21c71eb,Successful
.\scripts\_hostsetupscripts\setuphost.v05.38.00.sh,0381e1fc2370a9d9bbad60b6f59b1506,41a7495c3df0f8aa64a811955a3c92e335249dc5,0c2cf7405b5f5c0efa24596cdaa75ef4b7bf9d9b0448949a2c5c6d8dd9f19253,446d253caac275a90cc8a94483bb40e3b7734ebe29edf4eb3a6bacd76950282e81ed1f92c5e27a378d118b4b69c59139,322c12bb8ceefafdc99cf92c371bb3e85be476d05b4fb7caadf9b208567adf38374c6a64164a267c3cf0bd9e284e7a00e84ec7226e22796aaaf5d95747b06a8a,Successful
.\scripts\_hostupdatescripts\update_tools.v05.38.00.sh,05403310b2c30f3050f059187813318b,ec262421729287a69288e6c10c3703d399531675,03f2b7192e04190a12cf55749e1084373eec3c6171197889eee7830d75457fe1,c7beebfc09161345f9d514678461a0e5b2f0d8d5be82b9a9fc168455a525e7778408b072f20ceff8c7f9aa08ee8215fa,633bbad4c46bb003ae85aef1035b66b160ce5fb4a0475e9627d171ae4e1b1cdccda72929411e9a4ab8ed5eec6335e2d5e89b3b7ad43500e304ce9f7d9daded92,Successful
.\scripts\_hostupdatescripts\updatescripts.v05.38.00.sh,646c69686d464563e6ce86023aee3509,ac66efbea61ff5cd8589d4a1531c3ee8113bd01a,372310d83fa1fca2cf61ad9f6c59d9b991520fce9f89046d8713011ad3c1d7bb,16ded7ea76fc2352cceb94ca4299ee857f6f27afc9bef1374d4de5449a920a553823729054c3229dda31e9f298e60d01,3a64ae257289628db88d609991b6d47a0a049449571b63e4fe3e692d7f49c40c0fc1815e1024e8f1378f2ab7d4acef79c476444885490e96e4f71ca46de45bb9,Successful
.\scripts\_subscripts\_template_sub_scripts.subscript.010.v05.38.00.sh,df545a4d8c7ef57342a8384e6df593c5,6505705fb6342021c5e45daf9344dfb3de2510b5,a04df97c0b8d59455bde7a9f3a6aa2463f6b41b447ce03d8fca761256e3465d6,831d164d3c743f7122e8414b30bcada4f9ce85ace2f4663a20d1147ffa4e551e4af242818bf340807b91445ebc4b5e9a,647a00b6b7843a6fce9c92b8d67bc53f51daafd93070b1d329ee227b36a565f8a045ecce6558486f087ad140374b560fca38a794c0f0b6605f935c0074bf844f,Successful
.\scripts\_subscripts\basic_script_setup.subscript.010.v05.38.00.sh,cb04fc7dbe069deb35064853919404b5,51adadbbc2398e2cdb70ef152a584904b0bd5e39,58ea41f47680ad4ae867768e3045e6078450c18e12ad612678ebf164ecff36ff,f10651bfc779aaf92df1adf88b0f041abc60efad95d48e42217abff68f7c14923df2b55a384d7323218f928564c6e8a9,cb4470aa6f4960c41d3d16c90242ea7266a608c75bb3df70755e2a30cf200e38932ca0095e65eca307e8062203ad1c7a9d4c968d1a1fac8983a018786dcfeaf1,Successful
.\scripts\_subscripts\cmd_line_parameters_handler.subscript.010.v05.38.00.sh,1b1650a5571316277384cebd118a5158,7b607301b2b65010b3f21b8467121a040190ca49,bb9f91fec0971e0172b2ab35b3103a8f8d80667aa2fc2970ddd898c9d3cf622a,b0cb6c3ab945eb3093aa8793e66d36b878cb34045cde06feedebe133bb3e2fd4ac4575539aaacac871f553ba687c6156,059afb671b1696382059c78b4e7c36ad401e154f9a8c91b72c26748755d338611436b4c3c3e9bd3c5f7bb494e0be0e22adc45936f342f34ea5270ca5bc344893,Successful
.\scripts\_subscripts\gaia_version_installation_type.subscript.010.v05.38.00.sh,f974c9dd300697175fb06aca7b08a494,ba1a1e3cf4b2c0d0763194a816c24d282c389445,e0089f539ee5460d5f9981fc173a9a2116bc13ecf28012a3ad6e8cf98efebc66,54f510f90bfa876ecee30331955957e80693262d271b7a6ca8c5a2b5a3557f7bdbab8e136337997ceb47e01ad7a51e1f,7eb5c9f665ead5544c6991fbddd537b61da77dbba6f7013aef895fbcfeb9e5721b66655e9460bde1fb4bbf924c7dd8440f5ceed159b525bf61da3dd7f2589338,Successful
.\scripts\_subscripts\mgmt_cli_api_operations.subscript.010.v05.38.00.sh,98a96da59c75aecce77ad68fcc79ee84,9014d4d891cf1a49b373ee1fb38a45f98c3bae71,77bad740aaa5fa238c698e5027e8ebb7af943dca35a8c67eb9729e0cbd114d34,cc6c533da5e7c0cfc15863881b70ca5db70d7202fc5b89ecbd49eba9eaaf805dba7ef22c27c69cb36a317e60391e6494,05bc92cbe7a28b8ec95d6e3a200023dacee4b883c1d8a644c98e1038b16a80c56f4e76d0268cf27f24165f9b27c0fa9b61003d5423933ada081f5c132d9fbbdf,Successful
.\scripts\_subscripts\script_output_paths_and_folders.subscript.010.v05.38.00.sh,e1efd90ae5cebdee0a6ab9c942402da4,285e17022867a154c32fad1f4268c52978fae905,5a0af9c05f064fbb013241a3241cc0255a8d22a865c10459ee676dd0f9e035e9,e887d3d0ecdf884f05e371aec6e05c21a580f3db733228ebd14002bd49850e9edc71872c15eebadd58956e67fe14bd09,37740cb76dfdc48a534ba22f3e2b7f0a73e4efc2a90329f8034af026f16c11f61fa212c30bd6db32e2087c0865e6d23eae44134754cf9a07cd70dd0e46a6acca,Successful
.\scripts\_subscripts\subscripts.010.v05.38.00.000.template.v05.38.00.version,af2fb95ea7db4d971bf3322e16984945,d0d3f77f91062715c10235bcc2419cf6c89ead50,6068efa02e2282357209912a54171390fc530a0754859bf37a7976670d2c6822,c16402691e8ed9cb8aca41ed3478e11a493a2ff4014b1ec1dc1e259f1c36a6e0a36530b385a812aa9bdc752d0473215e,f530068c0d15cd42b47dba15e4ab7025f6086d64132a14e1c6f6cfcf1b485c17ac3a4779ccdef98c3161a587eb80f5f8609d31971a5040a085cf9414d685fec0,Successful
.\scripts\_template\_template_bash_scripts.010.v05.38.00.000.sh,22ea2e38d0758f9de439e53998484674,a2e85fd5fd917fe6de09433224510c60ea79a7b3,22e600d32704cc5daf6f688d57c6516623b3b9575add20467b386d1502b294e9,3347f59806f44738f1137750010502f7e13db4a7640491a2c8cb54a276c5e95703b4dd414fc74b1785349b662afa6b41,475cedd6358d82b5fa370f711076d0aa82e0e37e336e37d35298453d8a6349ffbbab65ba69a8e28670d1b4ac65d82558cce9d9208f99d2d7f1e219cd6f7e6345,Successful
.\scripts\_template\_template_bash_scripts.tftp_upload.010.v05.38.00.000.sh,508555c923b3e3ec6141f1b04e6c1eb8,6a6804cfbf0df4d99e37904782aef0de89224cb0,bd607592b2b4b0bef400664d848a4b350d7cc5b57cfeac69392437ff2ccc19e1,5d7cecc78062601587f91d6b9edc6aedb0ce7cfc0077b0108edf029a8430bee8ba81851dd21d800fa20233e67711a723,0f3995b2b88532437cc9d0a94bb911baf00926b4936b1fbcf543016900276df001e62f4426c2ce56fab722f3200b8480f875079eb258133c636fafafc8c9aedf,Successful
.\scripts\_template\_template_bash_scripts.version_template.v05.38.00.000.version,1912b13a2b63124cf43ffb816e0aa9ac,fff613505e31a153240289518bfa419d4ef7ae03,0709a49f694bccd32db4a596b5611c2ab9087d770a1f88e6a899e3bd3cacaedd,06efba062766f4ebbe32f885ef21b2bd5868206bad1e9373a1cced65b3f7a8dfe5a9a42477223367d364eb514a08e79c,9cfc58941068691605e05780071fa8b4144d4290283b45e1f9a42ac8a83853e67e54f84d2a49964f54af1bb7c0d770bc19fc3d3bcca69fea279d487f31b6c10f,Successful
.\scripts\_template\_template_bash_scripts_light.010.v05.38.00.000.sh,f9a620249378e0c31d0e990d2246395e,436dec1fe77d9d250f137f2167aaeb29bb6cdfee,2cb2e9a7639c50d2084888f47fa043ecaeb36bcb988dd12fb248922132907f61,e682ab4878557244e7e836df8d8a07eddad111120c3e9d7f72cc118b1b0b8be6f37851e4d6eb06ab2824e49ac1429009,a023b41386ff955b54903e54bd85c5091aa5ea743d0fbd14f7699ff33e26b417dc42b50deb70359fa6c57d7c6d12bb681ae14937dece7c71e26939744137ad56,Successful
.\scripts\_template\_template_bash_scripts_light_gaia_version.010.v05.38.00.000.sh,5ffdbbdb6e3dee54a86b8d10aac5fb5d,14f0a1621c0e1283c39051f6900b981ce32862ad,91e10bb91a15bdb2861a316e056cc01a7cbc9e0b63edbc14e6af65cd980439c2,26a465ce8b845c272a3931236c140d901ca5b1412d82c64a75aecce117806e52ef7da5d0bb76826de1c09afb33c2a17d,9675e22b7126057df3cfff0f1f20aecb4cd409cf7c3e2910b00d9529bf79cbdd8e82cc00f889c55757e6603cd468671b09ae48fc3ca83504c2e6ea6a2ed6dea1,Successful
.\scripts\_template\_template_bash_scripts_light_no_logging.010.v05.38.00.000.sh,859bc369360b9bd4a9a7672c47afcac2,e95a93545ae0b176057fbabb5c4e6feef1c7b423,0de967e0d1dd3a8fb24d39d6768796baa4834bb685e5f39efb83392713e004c7,010c9e0df812491be18be31a250daef823e421c72f171eff7d30a6366427551c93bfdcf2b4be3da894af87c50ec1c236,e921c22e987f111efe5f9751718762d4fd0dd0ba78c2038101ddc7fb13047ab4ec36d42db156b2de3bbd89c0e54587fc907b63307d05e385ac51a785a434f5b3,Successful
.\scripts\_template\_templates.v05.38.00.000.version,3dba8a2e4bcaacee36d16cd91d4a2dcd,394f555da6e1f3acb3bdcd488a15fcfbca198e52,99cfc2e20725560acb1de7128cd3fbe9e4264575203c793226c058626edddefc,7d8f93570008aedb36c08ac6ae79783dd4cceba4882e7875e10e376b806ebebc7f8f5da026cafc7c34ff0d5c9f3a4b2c,e80ea6cf6b7ae060aa7b767a46dcccf66dec99582a999ad69a805671892fd10b448e75de1d6cbbe8132abfd66256738fda004125b0e08f3b078c3897d6871abd,Successful
.\scripts\_template\Code_Snipets\code_snipet.break_filename_into_parts.sh,7c50a85273ec06175611e8487ccf0969,b1024494f1291c63d3629b291ce0a32f0b9c384a,a98089bd3a524dc85482f19e96dcd4a59e03460ad8c2622d5b238f4c02af77bd,7fe091aa4d5a4e9b7f6e7064e707e8a62a659fdd990396a9d58b6b755a61fe2bf10ca12625fc4f4a65c9ebafa7621e8d,8baf0d570611befa95b4b2ff7fb8909af84e4c252881373752093ebb3bbe32699a6b46a8378bc87946546281a277804882b25c938382e06553c27b5bd531bad8,Successful
.\scripts\_template\Code_Snipets\code_snipet.collect_domains_into_array.sh,9cc620fe667d480db3e730ccdd3cc964,cdc9f88ef77384f4e6c9f857295dd52e22daa166,01e6c0212c1fcca6d7f0f5c703953c1e6c39db55e883b7507ee450ffd64737f4,b67cf443d15dd6c186ed3a28f78b281cfcebd61d975a8d98843b14f6a4fb0567cdc2bd0745fc319b15c263854964051f,633ac996bafa42222d8d9cd40540397e4ef2001919094a7372052227eb36a81c1aa86c86ed5e3a2966a56e4a4a7ec7e86e00a6e5694d49a51b9fcf5d6152f0b1,Successful
.\scripts\_template\Code_Snipets\code_snipet.collect_files_into_array.sh,a4f79b6c0ca99957f48188ed23a4c127,31a3c3995e96440582a93fc033e759eb50f1dda9,d68e73bb904157699e96c7aba6dddc6085787b47b38544da9899e1f2a5e6fb89,da20b95f53edb6e9494e2c883db674a273b8ff09f599abe132db4d5a25715a49053f06615836ed1ecccea614c683e098,c6b86ca32abc0657d6e9f4efcb85c09009ce628c81e13ef7647704f07529d9002426610ef81f6c4538040582095ea125ef36d503bd7c2362826cdd3973632db1,Successful
.\scripts\_template\Code_Snipets\code_snipet.collect_interfaces_into_array.sh,9a56781ec4ad0caa504bcf4f1cd19b0b,f2055c9cd45b753da082e6ec76790b8e53b1e8cf,5314f9e7ddd892820ef4dd5e277732e26bf6f5ae15cfc178c920e2d3c838e2f4,32b6bd87fdfc107ba23a3ebbff2e2b4c603655ad3792898a9cdd6ffc1e73311f5dbed15271279d37f382e8ec3860f851,1dcdd165a7bf8ec8605f535a8fc5099a5e3ef3cd5e9aff08899eb212a77b03d6d509123214326776568d17a86713c83d86ce7f5c2cef247461bcb7f4c4ddc506,Successful
.\scripts\_template\Code_Snipets\code_snipet.cpprod_util_tests.sh,596af2323b12e306ae6c8e1bd613149a,9c43b0ddb3b71567cf64b2e1ce28151b63ae3d7a,456e9f01d15afd6941dfa92a66bfc7bebd49695f72d328adb8a61b04016ab470,1532e0f7834713d04f57fde183f4d78729542433a7af2747a3218c9d2fd77fbcab515fda885aa1759db67ce80d0bb73a,772997570c2effe9d68cecc78ca2bd7cd127c3889ef40223a0ea7d55c863ef024d11dbf8bb5c1f7d4b15f9952f645390598096e5df5adea87bb822bacd1b22fe,Successful
.\scripts\_template\Code_Snipets\code_snipet.gaia_platform_version_python_using_bash.sh,c88a8e10f29618dc45d2f5f8a4c13103,57d070533de385c77b59978049867ec929a39717,92574a2145841783badfa5f9011c477a32249b07e6f617b1da7a408c7a75757a,4a4cdfdff11525cd84b9c88aa6cad22ebb1d4c5ccde25a04ba79bf6fbe75de0e8a6125344710d7def195106d2feed56c,a3019b44a37fbcd7f0c028defec7246472065134a87fc2f96f12cfd8579588aa045857bedecb32a67ddc0095c487c31ffae2c16fc1361e228b8e46efcf6fd86f,Successful
.\scripts\_template\Code_Snipets\code_snipet.gaia_version_type_check.sh,fe85aae19b13c43f926942216697fc61,dfe3e1fddf42540d40471f411a2745fe2d993871,435b70fdd8e85b05032667ddae0e0e27f7f92bea30ea262089287a6082e50ba2,397678fdc7bfc3f511830bb31b4e45f41f960dea5436e6a43f8f751f265254f35664a315046a06df460537e41dbc1d4e,cdf3aa7b7f49c9bb76aa9f6f786e45a24fe7533c1adec17dd1a1265100288170c3c1d02b20e2e66aa1d8f747ab52bd099491d9818cb013ae8a3f73dc13d8529b,Successful
.\scripts\_template\Code_Snipets\code_snipet.gaia_web_ssl-port_python_using_bash.sh,d50f46f1ccabdc3f7f8f79c2791333dd,5230062a6d5779978df3f05393b3660d9c58be39,06b10190eb02c5e270604cb8670efefb4d8e5c4ff183ca6cac96c908e408b76c,bbcfdcb7fc8ee30fc612a351cea6d063a99994a39a9a075da49bfec36e9224fe1ac7e3b38f1f9d0e63c8edf4d40217d8,79963846d95dd3604078c730a785c52384de8e00dbe537458b1bcc26187cf3eddcc30cc48410db854c021a26cd4cff883ef567e5a8f0471231c4d39a5cce8b3e,Successful
.\scripts\_template\Code_Snipets\code_snipet.read_file_line_by_line_and_process_each_line.sh,e0c5137e1df744b4407a6b08bf4862cd,29c99292842e4142fc305e57152262aa5fbec61b,dd538ef0748c2a2b54f7650c5d58838f2772cd01aa314d0e43a28cf145e914a0,93ee50f0d5475643e2f96f186b699df25f5c29c81b77f9b808500a66499df8f5b4affbcfba9d71c8e46d58394445aa1d,ee53a2e3843b0d044a7767bf509745a34bfe025e1c861b87895fb54e5d1ff62abdac3881e52566dfc4017380098497591649df50929378dca3070f6c3fb60078,Successful
.\scripts\_template\Code_Snipets\code_snipet.read_file_line_by_line_and_process_each_line_into_an_array.sh,b677438010ef38776ae0f9bb9b915a47,f28a878f443976d4bd691eee2a04ba70fbd8a920,7748be7e2a386f3486f7a4818e01177d9128986e083e1fa9cbeaa2dae08f61b3,bfef458a0132b04c20a83f3e81ec1b8e99d4c329827a36ea0608b88be7d24c4c644210a926d96edc6175bad6af59dbb2,7426bf48888edd5e38520a5ad4154f1da97cafc55cc3c752b00c5983f89ca2bbf5400755dcace4359daab7c6c279185db37b1d24468685c66fb77f4dcb642b16,Successful
.\scripts\alias_commands\alias_commands.add.all.sh,853bb15605d2eebecf9e3959414959b0,7016ac686c0812198fed2470a9dc72a6072dc122,c4703d09f22431ce923b6ce4d4958a40019f78bcd52eb839cacf7c38c940fb3b,215b24447d508732fa3dad3b45a9aa691163c672a03708863a16997cb0f598da2b740830dfc403adcb30704c3c0978ab,f8091bdc822bf0945ee4640a274131a01043c9983b952fd4899408437db6b10978b3939576e792b8b134d5b596c1b100277f9fcbf31a2ae3288c70bc54d758d0,Successful
.\scripts\alias_commands\alias_commands.add.all.v05.38.00.000.sh,853bb15605d2eebecf9e3959414959b0,7016ac686c0812198fed2470a9dc72a6072dc122,c4703d09f22431ce923b6ce4d4958a40019f78bcd52eb839cacf7c38c940fb3b,215b24447d508732fa3dad3b45a9aa691163c672a03708863a16997cb0f598da2b740830dfc403adcb30704c3c0978ab,f8091bdc822bf0945ee4640a274131a01043c9983b952fd4899408437db6b10978b3939576e792b8b134d5b596c1b100277f9fcbf31a2ae3288c70bc54d758d0,Successful
.\scripts\alias_commands\alias_commands_for_dot_bashrc.sh,72707e086e1f45981d8bc67bd249d9f5,755f7d782770e3a903629a8ef01aef9bafefd2f7,34b9729d5df76392b96df4ffdec7fb6b63133c7d7d9baefe3a5c3fedac7bb752,c46423f5115b396758c87ba8373a7f6c9d75e877bc96c21ed3dea15a724541cf074641f90e48a282326078610a7eb964,34d5d4492f00b7364f9bed5687670fca3ab87e06440e7b9d93459a6464b086deb6fb01f0fa6e88afcde26e1629530ed7176385620c355c44508fad7301277e07,Successful
.\scripts\alias_commands\alias_commands_for_dot_bashrc.v05.38.00.000.sh,72707e086e1f45981d8bc67bd249d9f5,755f7d782770e3a903629a8ef01aef9bafefd2f7,34b9729d5df76392b96df4ffdec7fb6b63133c7d7d9baefe3a5c3fedac7bb752,c46423f5115b396758c87ba8373a7f6c9d75e877bc96c21ed3dea15a724541cf074641f90e48a282326078610a7eb964,34d5d4492f00b7364f9bed5687670fca3ab87e06440e7b9d93459a6464b086deb6fb01f0fa6e88afcde26e1629530ed7176385620c355c44508fad7301277e07,Successful
.\scripts\alias_commands\private_config.add.sh,487fed40ae7d2d00ee55ce19ee9cc4bf,6d024a27a385dac6efc7e07478bd9d8adc30c52a,a36fe00fe3c2ae69440a6758496fb6ebf94f40eeadb82a6ef7556140d60d7bab,547b0be74a5853e00d012792f906295754abd25b52e05a8186d895a174337f78b2e8a82b9a872c04a57941268074db1e,b863a884a01cc915053eb4cb259c97c10af6f8618d00ce728644f70eee2aa8a69caf5725de803276b5fd052a624cc5a0fcba1ea75ddaea8f3786fcf2cc103b24,Successful
.\scripts\alias_commands\private_config.add.v05.38.00.000.sh,487fed40ae7d2d00ee55ce19ee9cc4bf,6d024a27a385dac6efc7e07478bd9d8adc30c52a,a36fe00fe3c2ae69440a6758496fb6ebf94f40eeadb82a6ef7556140d60d7bab,547b0be74a5853e00d012792f906295754abd25b52e05a8186d895a174337f78b2e8a82b9a872c04a57941268074db1e,b863a884a01cc915053eb4cb259c97c10af6f8618d00ce728644f70eee2aa8a69caf5725de803276b5fd052a624cc5a0fcba1ea75ddaea8f3786fcf2cc103b24,Successful
.\scripts\B4CP.scripts.v05.38.00.000.275.2026-02-08-1745CST.INFO,a7a3dd92a02d390eec91f6cdbcd2f795,f7a8c900ee59be87ed041c31b421abbe5c77d215,9f61b011b2291d8e27cc31e472ccf0712dc70a0325b2d7918a84c10c5ab6792c,20deab6e6d6811e1be456269fae55d779a92af253012bbb325781b2d3c2838f6b9d177c95b244838499c29bdf861dd0c,e6e48e90b3325a0bd87535e7667414695607c1493a392c77510dc28184555d4d9e92f65a237c9fd61e4f2f8a1084d03395cc5114f9b4146f34c0f35db9962c81,Successful
.\scripts\Common\determine_gaia_version_and_installation_type.v05.38.00.sh,ebb32e46103da94502b8469f37a4a2ba,2157ce2e4d7a9a299350ce9638bd0b5344ad9c48,078514192629b87e63627db5eaca36244743b286ce3125cd3a06b99530cb4e15,02f90d9aa236c9fb72df09961d1d5df259ece0fea87b0c070b3ce294271bfa50e84a31e1333e2ec18e3d6c83307e714b,a632264e219c233cd68a030792e26854b733d4b5a84a2722fc8eb2e54c240b31de4037f832db4c6856457dd70f858a445e1cc32a091d9599f3bd70e6bcc4b5fb,Successful
.\scripts\Common\do_script_nohup.v05.38.00.sh,3f323817e920ee4465fd4a59b98ed5af,b94db228f2ffd827812ecfac0c924b5c53194d4a,6e8b1648c1c9aa69d06416993da9c33a8606e4a403d1d03b2b37177dd9b09efa,928bbe382e2b9f93127ad005ba85c52cc14eba3b5429473946cf6c119145d733dac3d5748e50376dde293df0cfe82daf,5ed304e7f2184a66e091c2ea9bab9588998728bac9fe9503dbbcfff72e0a70aaa1e805cf8f486162e8d8db4a2adbe6a0363c2b00b4396b25f2a3872c9a487397,Successful
.\scripts\Common\make_local_snapshot_and_backup.v05.38.00.sh,f0d8fce2c707a235443846ade3f34b52,644fa580cee7c948dd3a467d2cb112568c2fcc0c,1bc6c2d60ec3eae7f3562c063d0e02b9e68d8e69f23554c288fd422e58b05572,eb6bed080beb1c0ecba1234dc3b95397fa6f60e609356223ab71049bd117a93473fef9293cbcc7f3e1ac8044a2e42ef8,ac057b5bb7914fc9003b0685aaf8e2320eb67661672a3c16438d0bc016aa11a335098c2732ad82a8f6c1b3e27c447adbdbc4495e2c383cb5730b84d8fb5e9a8d,Successful
.\scripts\Common\make_snapshot_and_backup_to_ftp_target.v05.38.00.sh,07395db1a7706249eb4b10e34dfbdfd0,83f90eb80232b27f6ae2a782fd602c89cdf2b1ca,3212cabf7e21844825e8db11f88c064060bc320b1db6caed2896121cbe7d582d,87a56d49add84772fc60c61179fcef7af6b1e81c7aeaaa4d4b41c3b79b8156eea31c273529ff578e23de139ae9280132,085db0fe7aa30e715f50de351af6e90e6cd87960a3e82324ee2bbb28f8ac30815688ad27de1d92fe8f40b6963237bf9769d4430f100b7c3389695b83890785d3,Successful
.\scripts\Common\target_ftp_host.json,5b7ae63fcf9c4b074e6a953fa8efa3d2,1e8c5dea78a30f14b8bf15df1d653561140b08e2,52610d966732cf05fe684210c53ccb8932854c6aa4d2f5911bd226986a50fe19,8ffd8266e6d10c66269f37a93d3c0b5dd8ef1f3b9a892365a9f0ddcebc8e53b41fa395d6593d64031681b843a865fb23,5adc374215ab2144224cee7405ffd70bc5f3072d340f275fd3d0207293acffe6e162d861f2fbdb2719eaf25ac42e35bc92a9b3ce867a92d7de67cb764f852a82,Successful
.\scripts\Config\_research_scripts\wip.check_if_interface_name_starts_with_bond.2020-05-05.sh,f291a95b5d043f322c178583ede9648b,d2b9d3885258fc60ff6a557e85c7f895b93f1f8f,342735dd9488aec5837c0e7258e7d41bbc13af7a4f82c8721f27ea426e8be02b,aea2dbe3d713dee19c3754330310fbd5883611427f89bb5322e704376e3ea520a58bdff5d4ef726527654c4585c3b39e,14e3bbed8ba31f5ad0dce60ed70af8c6dd450425296174d83fa65c838fe80e2ad07e2323d89fcf8460666326fe664f523d3ab1737b96f6a28997913cd6795a19,Successful
.\scripts\Config\_research_scripts\wip.identify_JHF_with_cpprod_util.raw.sh,ac972306b6971fc190a3bcd3ba9c5ee1,859bc1152cfef4ff43d1c5545f1b6b7d456d643e,a7799a2b054eb61cbb9739fc62565efb7904b03fbb006d00e4260b1765856fcb,8d03e0e37568fbaef47ffa7ebca95e0f75cd122ba1f5d5a81a70fcda0dd86dafcaaaebbaa552eed0fc57911240bf1a35,66fde78024886a85b6b130531445d13f2d4cf24b64003fd88e80804bb1ab17f720873ead656cb81a0d3913190cb2e9546152bdaa41752604d723113eeedaa9ba,Successful
.\scripts\Config\_research_scripts\wip.identify_self_referencing_symbolic_links.2020-02-06.sh,80b6aa270e986855b2fc2d3d276b61e4,30b62a59048465360b398e33477f83d9326af969,e882d3f4ef4ddecbea284f0c22e3cbf3c4917d9c62221b92776ce3c73b8fcb8a,62dd503604a074c5a196ee41e7b8144837a9eca7ed51ff1470d47df21e621f41b704cbd39adfd57f66bc065a09394594,c6c7a1b10e5aece794eeb9d4c11be8bfcd7f3049cb795d2a390bff22626d7e7232b9963ea1e4ce92ed0a1999d4736c293ab0b311e4f90b447200513e1b33cfb2,Successful
.\scripts\Config\config_capture.v05.38.00.sh,817626ec2e4971853d373ca0336eb127,d002a31d881f093b91de1ec8859266cb21f6617e,7baef2159901d35ffd8ad326870e005acd174063d51f80275ef4fda71edbdd74,6d57f47596c8a66f7190c64bf68101c244b950ed0b384d324a74201335298fbaf6c5b5b60a268a67bcf528190211ae25,7bf629122960d26545b8d3244c8bc85a18818dc4167a3bc23b6c03ad1a5cfce8005dd9a15b0b90657cfb2e23944cd19e39151be4fb90d7d5aa60f1038c059d39,Successful
.\scripts\Config\config_details_capture.action_script.CP_Gateway_or_Cluster.v05.38.00.sh,c2d15a9e1ff34e1fbf121d565f62d12e,1df87e462bcb69276838a60279b03a16eeb9efb1,c040470eed336f266a06a7155c7c5dd1e8745b73c9faba713eed13f5d7d47d90,8ac36c50807baddd0d9821293396b66e5c4247b4b0cece7e5691d02aa95193db43ffb218a129c4c1a836a3c11f1d6080,252f17a94a25db0b6949c050d293fbca560dd28d7246ac85edb3d6d6bf3f3ad750b7011aeeea480e196edaa18b55cc962924aa4a58711d395f94564b12ba301a,Successful
.\scripts\Config\config_details_capture.action_script.CP_Security_Management.v05.38.00.sh,28663eb66b59ef30f1deabd6311b3f98,e097ee4ffed1fecafa051e8b8382bf858df8460b,42278358678ac3b0265814b794562f638bc0751dc7fb95bdc1a8212199769b6f,c3d58e9492348bfb50f79b8f971ee4df3579b328b67d7189cf3d07521e0c0d78c43a744fcbfc184014939b485a187de9,d90032a4db04dd5ef63a7f291847609f8d9c76df13ef7b75f79fd845edb17e7e302dce3a88fcf8cbceff1f10e76add351779876458c47da21f925b3898e5264a,Successful
.\scripts\Config\config_details_capture.action_script.hardware.v05.38.00.sh,638940431182a3f6fced1c3c5e4d49ca,b794bcfe9254d71277dc2193a8dbeaad511d3a39,8f5c470018260cd8210f1f7def9e5534d4b9670f838318174e5a3c2db3de4cd8,f68e51d2c542bff249491fda0aa19884025a880090fed49899c4d7f110ae9ca616c3976dc2355386463bd9f7b93e29dc,4f05da820abb8f01e79ba8ac77ad8f9b862190d1118758fc6a268d2a6cab45669dc901c2606f8f7a85d7cc9ad7f201b35ec577793187d23652b8866bfb1e483f,Successful
.\scripts\Config\config_details_capture.action_script.installation.v05.38.00.sh,071a44d86b156d183c2114ab4027e2db,9a2381c2bc268824114bb67286e03c6b35d60491,6ed8d92527fdba1f02a436c070337dda5fc69a5a99e23178cc6fd6a0c7675175,9c4944d8b2904cad686d5fff70ad66b6e06f81de0bf8abddd3e0de80186ee73d004c7e9225102122d37532e2c8fc030f,9748c14900623507a1d98aede5ee092cc4504fb8a7614bdfc519d17e759e2fc707f674bf812ac7d1c37cb1dcbb695971766cd9010c8cffb42f93b7bc98ee9698,Successful
.\scripts\Config\config_details_capture.action_script.networking.v05.38.00.sh,bb1a69349282544688a22296c3e8e9c8,4d913a57766702d6e895f4377d0f3022985c8a29,4b72e4f44b908f4b737dd565b6a5c9cd0831b3190b0b84b07d9c4a2db6642afc,6f08018fb92b31a49fb17b00e7ad765ec059e3a03c582e89a03b7776cf3762caab2cc90843e30c3af4665d87c7519dfb,dc5dd4cfb1c6ea5893b13fb6d1e0154a7e68c471f07c87055fb3bc8f90466439945730bbd39975fdc75058645a2b5346af1450ab4c82ad9046e0a670bb701fb9,Successful
.\scripts\Config\config_details_capture.action_script.Security_and_Crypto.v05.38.00.sh,f17c27c75ee6daef39b23ed87d78a63c,726ba4f2bbcd8e2a54a55d6722c52dddd8e7dd02,ffd96a8b8343b7e566b035ee27a77e5c8debb4716a806277d2a1324ca28dd396,1286da80bfc298fd0589f2d077e61f43be26f50ff63578dd991f99f30e56fc277b02bf8e7f83a653d71995326edad615,9e6b32862cfc36d01b90b14c9806e71a13fb7b38d97bb64dd8eba0aa0f8b76d853340a98705a9c85f73e606cec0322fe02226c6b68a005c4d60b376fce2f28ac,Successful
.\scripts\Config\config_details_capture.action_script.SmartLog_SmartEvent.v05.38.00.sh,3b7cddfd8069462fae048919225f8802,016bceebba6ce5dacbe1707359c2b432e0a492b4,c96446b156e7ee3d51b5e24ab30190c44a04fe19f7565fc0f44f4163602bb1af,78c77c5175413a3a80377cdf8b8bf6a85cfc0d2bb29ff08886ca29fbaa92412a57265a35519c94f0df6a982c85cb9642,c4ebd929956e36c6b7460c57b23de0fb6c060bfdfa4edbcc6562230f41c08b780a3e7bb724d6c56021987890e4f0e71b813478107bf98a82c8c37c4b497c467f,Successful
.\scripts\Config\config_details_capture.action_script.system_common.v05.38.00.sh,62f90f6c7ba0c96007a7241f712a3b04,df6f9cf81c0473c7dc008a5bbcf57cf597507d56,f681e7ee7bb96c124fdd4dcff18a3519955327e5c8901ad46229949bb34ea774,17666210c8f168da600e5bc8e513b484c322fb4287ec3da3efc920aae641b8d69d4356956e451ce7c3aa033f31eba729,5b89f7aa9355539ac096c3a558b44cadad452d6dbc29b07cbebf2df7fbea6d569a10f26c8d8895993636b663933fb8b3dae71752ae8b81f82b5942f26c9f1ac6,Successful
.\scripts\Config\config_details_capture.action_script.user_environment.v05.38.00.sh,1176fb46a025fbb2f98548888e987b48,c5870b9be718017d7ad166dd4197c38409242584,c211e3161766577841659b7da9b2a82f46213392a84ae697c9bfe9d2de2e5288,4dbc3d9ccbed23d0304a6e2f70c88ace8c0ca14427e959b7ec6acdb41109ba0aa36675467d5ff23d843c0c0202422ea2,b3bfb64e182522e83cfd7b1155fbb34563c31c7f3b96ed205d9949fd082e82b586e26f78f3adc0ccd220d41060a5b68bd32bf25afcdb15e68f0eb2d96bbae792,Successful
.\scripts\Config\config_details_capture.action_script.XXX.v05.38.00.sh,2f22c8a4fef0ac1f30f4de6e77ffd686,0381e95b2870b0e2bfb378ff53005a2f501102f9,9d9e0dd65c23af9c0552d19b319a278928da35a145db3cf6a5fb6ac66749b721,5b7d092dc57c891255183d43b6ad8256fbacb2feac4989a2ecca01a94b2527188cb63200606e3cd6d7bc95c1844ae661,89bbab68cfd380ebbe6002c6c50b89d7d4b5c449aed5e4b8045fc947e0337839fb9e16c0bd15bb07a1de57e950037d564e5d24f8013b3a16fc125dc64d9768e9,Successful
.\scripts\Config\EPM_config_check.v05.38.00.sh,db38a153b87ed290e8c1e5e325616b7a,9a5b553dd46ce5b50ce6deb77aea27aba383802a,f2cbf2aa5764f14f3647cccbeeb0bb2e6608ea81cfd7b91ef0863be89ba4cd2e,bb442464e04e6b004b4f107700bd7d7b158ef91b302029cd3815aa7d91f3a124b398506f09a18f95777086b60bd4b5c1,a564c55e8996e6dbf707ffb357aae4bf67e5083d79b340c2c500d1e154a8b25e8fbeaa0b953277ee7b072d32e50d689a891ca6a48d7da08d83274ba942cec53d,Successful
.\scripts\Config\show_interface_information.v05.38.00.sh,7200cb2adb923d5dea5a265a7afdca27,b27ea5998dcec219f5ee3fdcacb3a1c823bad130,1f81c5fb133d4beecca99e33bcf20cd78b219ee8258f181cd59dd1b95a190a80,5876c90069ad5eb30e4f42aa2378b05b76b15ffe65cd503a881f56862e39717f935eb1716ccc4c499cbf958055dc86ca,9e48fadbb8344af1cb4d15a0e53c630e7d1edda6ebcb887f7da2ba81b91acf78c3e99db51f0af5d61119de03dcb94eb709d060870a73c325f03009a3da436d52,Successful
.\scripts\GAIA\update_gaia_dynamic_cli.v05.38.00.sh,ddcd952028be4c62230c9e23c3adad61,4eabbc931cc19136010c175bb378811a3a181cd1,a0a8a8eba62f3de1f3d862f894568f356bd74256987a5aeeb421c85e0a201d14,23f31857b48baebeba97e8594edcda156f81ad084a0fa67b005df29d228f780a856b9285f5cb9e8b0e1d083ef468262a,f81f8b836b39ba7631fa0a98f1dccfda30f8c74b443e4348b3984fd4a3cbcb2d15cff3eea1fd39fb7829c81030bae9827ff38fdca77e75377e088d3c28e1c657,Successful
.\scripts\GAIA\update_gaia_rest_api.v05.38.00.sh,0f353f9d867a676732666e6159c2f328,39433300470c417e7c9a5ef7a32caec607ed911c,b9321cf4bb9b21c1ad247752abaef17834c670478bcbd80c3ab34d342b35f0c6,0faa6803ebd7532e568f83d11adbc5f68ae21c893dc1f6af0c8142acafe6852d7f572659acee6f9bb0a68d604718a562,923ef26686959f48e17b79b5f77eaab80d9d42f06f9a49c15a41a8ac49d5bf1680df8545abb85e6f9e60df287c5beb01c99be2708a1b24d47ab0e317ea174408,Successful
.\scripts\generate_script_links.v05.38.00.sh,1e7faabe11e9ee76ac70f7fc3605be9b,a8cf92da66701acfbeed94a5c361c01c7701c7a2,5145862ac8c3f0d663700c8b862010f92b8337bf0c77555f8d561a1489be22fc,7c9932c430f122ee0d6dd585aaaa240e7b4ffae3f7e93876f1708d8ad59e2f0af20d91ed60a3562b90a7e80ec4162c2c,42562c9f27d3254405667ea7483766f1cf01a00104ae6ba040ef78c5b18cee715fd8a26cdc06a4951957c2381312337d2dc50ab345c8cef5b72e6d53e516f959,Successful
.\scripts\GW\enable_rad_admin_stats.v05.38.00.sh,28d4cc75839a15ec5066de11831062e2,5edfab151b764e3370330513a6b4620672e4e83b,20689848c9bd3af066e2275dac0c2a31a3d290fbee5ce4a970c46bfd49ec4d0f,38ef05280fb24a6ddeddc3d7777fd85fa64dbc290edd76ecb7874adcf6a217b6e1b72e6340427a08896edf4fdeb2fad7,9d5550fbcbb4bf304523292150a12d4eb4f7966c42341d97dd12851f4bf7f2279ae88ea3de9df95df7dd2faaafa08566279abbed50759c5211577a7e29e5f6d8,Successful
.\scripts\GW\fix_gw_missing_updatable_objects.v05.38.00.sh,ce6bb8e03d736c8c6ba20c3e94a321d6,5cbc42c0cc38ff7e1bfe7c2d0ee5bb4ad8552248,8a2addef75e395ac1a7cdb6d424d330dbf889b97bf71efbb608a6d1e865058fe,2252bfe958ff498049df1560921221945f828d4a562eb01ce89ac48e8844d2aeb8e83de01532878a616511dec4e49126,fc6a939d6c92d7ab5fe619dee795b93b16cd2956840af515b4dc6c6e07c20d25919fec50c863af5ca5ba31ea01e9ce76aae2a3e5b9841f300d1e45c643f1ccf2,Successful
.\scripts\GW\reset_hit_count_with_backup.v05.38.00.sh,d13b92633eacc5f88be145c5e8b9b4a4,093c47b30919b5b5c53550df54197fd85d9c248b,c8b7d9f362f2827c253f26d469cfc11d426f6b61cfcb53d6949f29ab22e3c445,1873f3cc4aa8b2b3ac84f1e9f1b61a6a32a13551957937027a580c6fdba6733ddb4468978b229a531ef4e6e93c6ead29,94a272bf7e919998d5d99cb4ca9f0d0599d25ef84af5616b1131255a0a1834492b5841006619ac9edd318d10b0ea47655758af64320001fbf2d00f9f90b84df0,Successful
.\scripts\GW\set_informative_logging_implied_rules_on_R8x.v05.38.00.sh,e10e58edecae96c24a19e5b8b85b404f,f27e8a4c2e8aa617c782038e1f43b8730a67a049,a5825fcc50b79c8f882f1cd888a69416d9cb3cbd2177eb86a8355a829e409f45,4b0732ec05d24663781d7616b623287b9638996578270dbe5f853a2dd5b6044c961eeeec509b7047bbffeacf0f48ee28,0a235bda9c726c9cfe1b3fffa727763facfee3f1a93e633a67da95bccc0cdeb6f998a8d85a3913f743df4cd7d2544fda3327ba9b211ad78f705702f9dc5708a4,Successful
.\scripts\GW\show_clusterXL_information.v05.38.00.sh,f5d99dd9710986bdaec7d206c942180d,e186647916bc95ea6a0ca27641be0795c3c4ae06,6020047d5db2db647e27881e65ac3adf6b0a416c741c4b0bac42539647ed390d,23b76a8a3c5dad2280a874346411c0de60106a69d6cddfc168bc37886400e891cedd413f2c2fe1785e282102e23b76fe,9049f72c77315d2a92134285e0794e33a3ec30b1645846081354c9935a08b5297ffc8217d1bc73e7a8ef1e1cead29a31920f15b0538c2a610781bab45b52f380,Successful
.\scripts\GW\vpn_client_operational_info.standalone.v05.38.00.sh,75b1dbba4c2b4d24d4a3b66c57f684d1,a68b28e5df4eb6a1abe45a29987d18c9f76adf7f,dfc6da2346b9f719c1829fba2927d7e108788ab218a629fbb13e596bca7148fe,d69755f0380b211e49f3edb4d1d90a9a620286db01ea493511f68b6c596444c7cb49bc6bf9af7120ba1ad1a7b462c4a3,7ea29fadd41d4d0e6648526cbb066c3a9ac14d77703ccc2eb1cd58d9f7119570de0479eaaf9a072f23d23cb3e04e0e9ec47fc1d85fefc4efe1566148c1e584bf,Successful
.\scripts\GW\vpn_client_operational_info.v05.38.00.sh,987b2c9879290c1a2822e1e3a548a4d3,c4f97488182caff57586b68219bcd6e0103185a3,3042f74ec33da16efb591b572d7ae241383d2f48b655810d154ce907c1f9e3f6,c32b69a906ca4c1f8192a732b6efb9dd898711a3562fa7d66a17efebefd108baf60737df04416ff893663462f5bd5d22,1e7738b761704b0a174637d079e2778de8de60e4e712c3cdb31cb936e5c70e17473fa1af78ac4297e06a4aebb127c9f45e9e13b8aa3c83e7deb5284e74559c7a,Successful
.\scripts\GW\watch_accel_stats.v05.38.00.sh,a13528b13ccb9b49ce338f06b78f1bf2,6760c083ee06af1947b9ad0f22e14791d831ca9a,857bd458a387396ad388605eebd486a08518a85a55e896125a9839e1c35f8b89,6886854aa8dc70ce4f5305914c4067e07c9161663469582fb928ee9eee65030c0675dcf8e4ef95e52966ceeb88e52cf7,f1d914c9cee82dcb46fa69694fc01bd8a5c32bf77c3e50ae4542fdc8cbd088e18f92ae3e3f489e990cd4d332c41984c16ffe4664ce64195632617f48482b5a60,Successful
.\scripts\GW\watch_cluster_status.v05.38.00.sh,05d9de298db2c8766f83b67f68a33af6,46d21b13e51bf3b24f873cdb8dc51475cb662e23,4aa3f9463a4a8b05e075f52ad7b7b94c678bd7d71f3c7b6c5c3f7c64324f1434,06444b0286846cd137b8640137fdc7fa3d0ca6ef1cfcd3626f74a09a44cb7c39b4aab584897404279877942f88ac8471,0ec14aacd5c3aee81d50a874b7cbb6062dbb371ebd68a7bf84c38d1ba5fae19d7bfb478373d6a6912b7f8a4e95ad706092334b0dce55b5b6560765647a17490d,Successful
.\scripts\HCP\run_hcp_and_copy_files.v05.38.00.sh,368fbbe17ffdf33bd8d6765a192c4f17,2b33bd5e1a1412ae0a25e60701c1d15214729e84,7834149f3a8f72a84c2f27a27ea35f8ec8be9330e4690c028792387ca5616059,da92a76575788a5e4372dd8a915b8c8d9b15dc9c4b6a824dfb727c14b11442ad23b57f00f28599f492221fb4e92e8c6a,8efa760e69df27b5cf08dfceb6c31f30cdd06253f5714d4320d080c52c1aae10660238d961acc6e6d7327aeb02287f06c5b06c6c0d6435f4d35a2d97c22a56d4,Successful
.\scripts\Health_Check\check_status_checkpoint_services.v05.38.00.sh,2700fb30847d586509c02180a65f4a82,8d4f6c27a42a54d4b111a259e971b5440d1fb20a,77a0fc0e6de46beddf16600a67329f9e15f4560017836ebbcfedfacb18f01e81,016994a0c357dd58f62f70ba525e843d0d728d86ee30411178f8e9bc590531b425da05b04a2b69522e19d8865afe8505,382fd6abb4d0a761ca963dd5299949bc17aaecef086eeafb847e1e3d61cab089e74ce71a2c59c72f0d75b80212c45321901fdb23e7271157cf7aa0b83ea32cef,Successful
.\scripts\make_github_scripts_tgz.v05.38.00.sh,3100719e5a3ba7592761902bfca10077,43c59ea008c135c0f92754ee738f1c36274f4575,b95af6c6062a81324ebb02c22a24821ca16ffcad216c0fba1b0d432f3a3e6f47,399c8f5d35ffe732aa76139ef573d57e12c238446d90125112abbe0a4c6f06cb89deb8b51a3ab52a6f1477235404bd7c,aeded328dec7fedd925201268bd9491e43e563cf618217d7387a381e340c5f8d55f38ce1a7a9d70ab4d8258e509bedb1974649606874a320485f17ec278dccbf,Successful
.\scripts\make_scripts_tgz.v05.38.00.sh,f5d8324ff8fb2af4594b4b111dffdb0b,d524b8f4e8abf1b4221909040a164d66f819cda9,39f11dfc4061c2bf16db2e238e03086389d7497dcf6493cc9edc7cf4e0c771e3,f7cea217ae940ce6135fa3840c8dac9ac99a20975bb88666676d76a66cf9c9cbd10b593add6123cfc4488f6c7e6fce82,8d3d54efdb11c76cbc59528c9ba8df8d25e65911937c52a189e6f8277c79b9271edca2d001a40d89c8bfdfb4704442e2e53e00229dc015ec84b478522347d898,Successful
.\scripts\MDM\backup_mds_ugex.v05.38.00.sh,7fff41d0e8217cc1c28cd88d44d681ce,07a18e6f5be09a3559ef91266c61fd39f77a8723,0779b524f9779f92e630213376ae16f21b8cae462d9f62a816b0e6b465397e90,739d1a0ffa38f03795a155af15d3e640ffabc8b523035128a7f03e8c2864b09fec5f671a84ed063f4ef51a34e3fb73e2,d2a1493473f27d5fa4cb51cdb9c6955af1bbe143dc2a8e87dddf0e7e363c76b15c6331036f57a34dd05c103abf75ca5927451d5dc688f0b7e76af3fc2e8b9f10,Successful
.\scripts\MDM\backup_mds_w_logs_ugex.v05.38.00.sh,13cd5f619cd3f3ed159208714143f4be,76205f3f3624d5be0080d4b7063c2bb18155a3e9,cfe8aa73cf3270235eefc871ee4fba391a2c35202fc134a80d2ce45ac268aee7,b0db45d7d8c298fac38356dfd906122ba53d5303f6ce3a2c45fceaf93dd2ce23928bf3bf939cd14a10e823b2c84529c7,8dd62fdff6c0e4af50d57ce3d9c833aefb295e9dbbfede841bb86ff43d29b369661221dbe0c87f6a9434af063db392bf7d815c22b725bf9c5abbe1d9ee5fb9a4,Successful
.\scripts\MDM\mdsm_mds_reassign_global_assignments.lite.v05.38.00.sh,b5473d1f2528bfb4f2fa435239ec3076,3359b244847d972487eefadb81d2e9af6473c1f5,ae3e393f32fe244fe0638cf39f5cf22528a10033df5b9601beb74e6ecc3ae0aa,20d05f6a383abd00e65bbc13947f02cca312cbb7140ef5da81c773f125d5e83d05baa695f86cd223ad8d03728424022f,745fb6621649ba50da99c416a9cefccfb1d0a60e2f9cb253db81855eb814fb3d29a3251e8284c9288127c6c1d6e9ffb26ef5be0fda2e0736969f5be8ab0ce7c6,Successful
.\scripts\MDM\mdsm_mds_reassign_global_assignments.v05.38.00.sh,47382a813d2840f3fe4b9f3908025a61,4e4d886180427e94fe5e4ad8bc372ed064ecc6eb,44c8ff8d00d8e1673c5c81cf76eab79b25f2e82cf631e3e17228ca7459f10926,813a7d97b7d372ab8b968ddd7ff812b562338081af1e4f8cc1a1d03bacc8a8ca1580512b1ea2fa13b87925e87c08fc40,540d4637ca08566ca54911e2dc274c4f5ced6bf99965fb85a72cd40c942c8d3bbf55acb32b302bceb1afa68f864879896bb30d4ce2e37388acb49bd98bfd1f8e,Successful
.\scripts\MDM\report_mdsstat.v05.38.00.sh,dc5ec7c46949132a0a5e2b511d63f6c9,4e3cb40fa273efdbaff00624d08243b0852aef1e,460158248162f01eadbb8fcd7dec5c1bc7ae50b7d4d7e5a86de1f1254f554289,219a77f91effdbbf7cdcbdb09564d6c852e3e6914cde5232de964a932349f55f9aa8ca0da217c60f145f9c462a0ca4a4,5129b4d2c844c29c0ae9b79889fdbb4bef9817286807f3ec18f227c0182a204dfa161c83a0d98d587d460e46f20dce6f63b566c57177c6b0a53ce269c7f6b19d,Successful
.\scripts\MDM\show_all_domains_in_array.v05.38.00.sh,68163b62f80a27ff26be6e4ad38c30e1,8bf09b7ba842fc8b46af928317cb32819a00c143,5d184e8beba95795f0f4461b7a7a8c67641668d4449ecff7d13f490323bc7d40,62401aed0ed2a21eddc86cfde87dc19899fbc8a098ac09c2e6e061ae0579a23e4c50340685a62b806047e2c46436d56e,bc7f5d3c849aaf832503b14cf758de2d5432e3b3915ff15274200179c3f4b92a4e1fe387ac03ec45fb2db8a19e0686be4dbbaf610030700ccf53b113d062df73,Successful
.\scripts\MDM\show_sessions_all_domains.v05.38.00.sh,d57c4f1645a553f0f47712c487399649,2993f1e79b654f5db5f8b635d75af5be38d63fde,c9574b4f78fe601af075da6137c24693a9b4c83bb39206b854ce290ee7bc5f6c,fe8bc2c938934c47f9bc30f9f21fbc66a0b71cc88cfa5607e3479c26c86adaa03b6efa12179410c7f848ec00a4b8c68e,dd6512b159ed0e2b65c1ac1b1946f54d8986078fa550ebf1a8ec51b80e4f80c027e68f5dd34b3c19cd2bff937a78041ddacade88fec85820b974bad663f0bc5b,Successful
.\scripts\MDM\watch_mdsstat.v05.38.00.sh,93145fcc36800fbbaa7963a72259121f,ef041a6b94585a85c55361a33a885fb316454e81,947517a7580c189adae9b50dc04179dad59743652cef2b1285e5275693095148,8d78cde85449f211b3cc156019c7399d660d9fe24abfe4b95b626918fae58faa1753d3a3f11d089f2fa370837a9cabae,a40b8668472297776d24b2163f71cf9546a3e5516b941fc6ba037c25c767be0edec2f6a1b36feb4ad8984d2f0770c8160739106576f508c05b5f22979c4862bc,Successful
.\scripts\MGMT\check_status_of_scheduled_ips_updates_on_management.v05.38.00.sh,35469a23c9e66d744ef6f9f9ef1a5ea3,e247b86ebec6cf3832c4164d633a555dc58f57bf,2c9072f147b623bd3c6b8a6f6cbe8225319129b242074cdb0ebcdc5c201f9e06,66ded9d356e7b8f04fd8320c5223f7a3ebe10b4532564e75769ac1a0e99305c0692aba3038e57d5481c3443e86e47263,75680cc5d3e8042871870090dfe820d2026725c80f31177348b835b567c8c43ac761dd66512bba0df96243c36cd12322bc7c1e72eec6e925cf9dc9e2a8141b1e,Successful
.\scripts\MGMT\fix_mgmt_missing_updatable_objects.v05.38.00.sh,275b1ebb490bf4989efbcc7b842ce884,17ee508b293213987e5f5ca437279334f48f849b,2b5403197ed9f6f368e9abeb5ceedd9bb80fb6e9577cc7d87bf2c06f6cf23df3,3f7402ba155dcfea7ccaa56935d0cc715ad57673612fe5f384287ab39ff831e546aed7544b10105fc862ba3b005551d9,9a9bd93e8c44c1a9517444f5ea33059cd9884a166430fde98457356752a97a07f74791b5d581d886b8d03b20b93c68ff075127c0b90845a06f9c3a23659dd795,Successful
.\scripts\MGMT\help.v05.38.00\identify_self_referencing_symbolic_link_files.examples.help,ab9a160a8d4495bf160c6fc04a847eb0,ec225c2a54373c7edc9852707163890650bdec25,17be0b89f576c77757263547940519ade4c680ee5d9dc1a384c27af66354a85f,b7c0cf215819aa79ef51907a088f4db6292a102bae442125e763cc4acd05a45f2cd2e08dc3d8898cb401b2dd205ea102,dcff4985916e765dec1018798863d46d780235b521a38e9d9add88c04117ccfedd7b4e4ba0158c38d637d9eb32d6e0dccf8d3444da9cfb101df3b62d339431a9,Successful
.\scripts\MGMT\help.v05.38.00\identify_self_referencing_symbolic_link_files.help,c16bb6b1048b09a038ae7e0477a423af,a935945b96efa74e17b53734339a1e44d110a278,44f54b605fa3ed369097a0df2b69b894857fa49ad2d57d27c4b2c61fa1d7deb4,9d1de957f4e7fc2c2533bc104645765f4cec4c8826347ca09320042a8f3d5f5b149b7ae47bcc897c8611fec23d4f39f0,354fd91401620476d4763d889227353da1127d9f192e2ad33db5a481ded710cae33853a75442d27ba6cfdaaa6c1e86f6c66f7e98287722965e1f42b30445b69b,Successful
.\scripts\MGMT\identify_self_referencing_symbolic_link_files.Lite.v05.38.00.sh,b3f92ebe994130acaa9815fece6e60fb,5f315050ab26ba2e5c5a89b4eb1b9663c52fa570,0b5e3dc0c86b34a5a43c3425deec16ad35ff9f10be37b0d702097ba5509644b4,1b308e327e837830c489a01038655703ba55cf31fe100a33e9a1ef5023ef6bc9f78cab9100b09459116cc6caae42e5e9,740b3eedafb06c0b4d251b80da5f8f4d03cf71fbd825b3c7311b15b3ce2056ff2c3fd5b1a8f324df604fbe242c5479bef7454fe9c9c93bb3f2105ee1ea996005,Successful
.\scripts\MGMT\identify_self_referencing_symbolic_link_files.v05.38.00.sh,f6eeb84fb0475e36aa80ad2a96085d74,f7e5ecfb11c2d16ceb2a6330baf349dd3165a580,f38bee015101c83c8aed568fca786f7926f8b9c305ba9cb356d805b0969a0471,633ce20ae5d00c142caa3e60b8d8059d4c767ea357c9829a3c55f1888461edae9bf5f11ed360db3b45f301a75d3ba075,503d4f6b2c50048e0caf81aeb02048d933defeccd466f373c528e4311722b592048ae0694a547853d07330f9d19225390f807dc2ad9b0f302f35cc8a74609b7b,Successful
.\scripts\MGMT\show_unpublished_locked_objects.v00.00.00.sh,3f620eb9f875c5ea7a714edc76f9d726,60ac552ed8d516a5fb4fc92a9866f0ebc44b2217,801446d9c7f29db120c576d01499cd785eb01254358937b1f736e9409dde7dd1,9814890a0a147368b2177127dbfd3c2e61004ad5a18e2adddc011c8e509765f1be4cb29d6b9eb5c206df25e57b07092a,6737573ee941705ce9a9810778a9f4fad145eb3ffb19ddd8fa3400ea17d59e1c1199e3680b10aedeaf483e1a986d1fc0deb63bad8d1d95b1e904cc26d7c9f753,Successful
.\scripts\README.md,009ab3968c8dcb6653b05089fb3a1e97,d221c4c27060d10d6b83670e6eaa46f0c7823f0a,5427c12003b315cc727814210bc3b75346cda01695666f6ae8cc7501b160bf6a,e078328cf6ab45aa424aaf9f77e3d4d39161b129f4a8c795de1f6067910b60a484fa2a9a41ade4fcda4492c010fdc70b,55107c603def8dfe72ef1e3b796a39863cdcefad04d82fe31e3b3e67c0c9784de1ff2f5d63c5c5ca3c4f489f3823b7a2d0659d448101df18b19ef37294ef1a8a,Successful
.\scripts\remove_script_links.v05.38.00.sh,ff6145f662168c498b55081e08948553,150b5c26c35a50e06cd8c438ec3024717ba0a32c,939d689050b43a63a2274a2e99f837cba8c54079b5f70eb869e7ebe08c2adc9e,565564aa464cd98bb54694e56011cbd62f58f3763a17f0ee611ce841c92b2411c33aeac70104bfd147c54757f42c851a,93142b8eebcf20708d84368f5fbbe42052cb81641114436eb6d0fd1b0bd48275003fe43a3a130c38b136a7aceeeb3e17e1954ef3213c44de68f64921f914d4f8,Successful
.\scripts\scripts.2026-02-08-1745CST.v05.38.00.000.version,ab5e411478ebcc11ade590266ea8df97,34d446d8efc96017f37b6ab5e9496513dc69225e,d8dafdd6fc5a044ee8961a8f894155db3447e8e07918490a350df312b0bc8a09,3900e3b5d69818a5d5f2df7c6ef7d115115431f8ab778f05c39a648b93f9356fc578b4454875cbb9e092b8911d25fb65,1905381b5d59a36fdad750ac8c312fdc835435c26953a04a40c14763935d4ad5a779aefee0a5aff74cca4a0fb5897175c7a77d94c9aa23fb891b55541c6dc0e5,Successful
.\scripts\scripts_tools.archive\v05.38.00.000\fix_scripts_after_copy.v05.38.00.sh,884c06ef7b180fced93b9f225e35e20f,e42e74808d7101dfea8527e3e29a7e5cd0357155,2ab72e0c044fbe00f42225f870e6472d16e75fd03c364c266a75311fb2b24941,8820c707280f4ed17dde4cbd89e463037d2c103f233f905c0ffeb2d5a4d85bdadc03a4348b36b2f89a54f85a4c28b485,492e2a998ee1ddd9a37d42170fb33d26d8d011dbe91f9b988b5c0fa552133268dc914663315ddf4a4468fe6a855194cc4cbdc744b45d91c7a46629be2c50ba07,Successful
.\scripts\scripts_tools.archive\v05.38.00.000\touch_all_scripts.v05.38.00.sh,6be1a0438d5867db18079b714190b62e,bc7f8c96ca0b1f66d07c0314e1fa3fffe32a0097,90237691994ccb035202a89f5eb4f6ab8eb33641eb4d16530ca76dc6e18abd1a,8345bca79e71adb3665b03d93051c0f8adbb8a6b6ed7f7d71fabddc8325459f4c4bb98e319634957e51c61062b263e28,8275d6eb31078514fbb0352cf0ac75c4bb5c7eb6630fa08e6e3fcf71520028858e52720b0be0f5e233069981e916c258383836ccdcbc8adc65ab0e98d7f7c1cd,Successful
.\scripts\SD-WAN\append_to_dhclient-enter-hooks.EXAMPLE.bash,cbd6a278e22f37798f6567ea01275d68,cdec7059e2676209d730f5836b6ad81ef672d8e9,1a215709955f37dda4872c3d7c49021f50540c60074c4cd0393da7d30d569730,99b3f2f5520823cdbc3cfb9340b85769e4b2876454b59013771a038654144f60df7882a6a5e34b7445d39aa5155a9d7b,2475d8dbe637b8e0106a4aa78f33de5611aafdb87d6843c555778554c92ff8e46c5b18a1905081d44e9154f8b7afb4ea27528c579b39eed742f0e5808d7636ff,Successful
.\scripts\SD-WAN\fix_DHCP_DNS_Override_for_SDWAN.v05.38.00.sh,bfb3f1da290df2914a431fe2605efc07,c7c7bd6bdd54e7697073d7efe5b2eb58d9a7a631,13454a942a71e1405ee2cc9c8e57c57dc2e7a510b7ee429a5b995d8bdfc780b1,2be7333adda9b25a3bf31366c8afd4911c321df48b7591f1e1554931e0e86d4a86c05cd983704bcf9cd8fe80d29055f7,b662642438fd894250f6bde97de31a66acdf1c2450f5da061ff72edca2dc275b90aaad2178fea9b72024119ddea835e73dfb725d0e0b3919724702671fc7737d,Successful
.\scripts\SD-WAN\INSTRUCTIONS.md,8b87ef4b32608d2a13c63e290bf4801a,4d5c38457a9e1f161ae770ac2de6440f5d16994d,6e1e5c20b32ec3c3a3960d9577751b0884418e6de2303f684441e903b366492b,cdea1592828d72c0244aaad6610c2322dcf68ca3210740df6b3c8bf5916c8759cbfd1ad0f04876fb8421fcf5a4b0d5c3,0b0a9898a4470f4293e5216475b7b94fb63ddda39ee1b17489e974233f984e60bf0eb6ef92a825516ad1ac9f85c2d6d0c4b67b81ad288f7dbfc9ec1e7c778be9,Successful
.\scripts\SECURITY.md,7933527f323e379ec7343dcddf6a708c,fbb328aaec9cd5f0e6dc6af8c7e76aafa63e4abb,214ab3a202b49321a97ac0b99e5748398aaa3f210551862d19f6452157df2b8e,2d434ee5b00cc5fa94493007d696a66e93a14c49453cde9df28789671e96aac134c84565ea366adedfc4bc26a9dfc439,814c32ee01fad7b35d9e8ef4313516232f4343d7798f5d8659b9fbc74ac6268472f09a77dc149d56e4adc646dbe47c58c7b557c461dece1b255ddf3827d3b135,Successful
.\scripts\Session_Cleanup\remove_zerolocks_sessions.v00.70.00.000.sh,bf22a35958cb0e405df43b3634f37951,057f8d7f0058959bea4a334079e7ea3e881675c8,07644cbd49a26bb5bd68eabf82ea5e718d33e043f2a71bea2a97bc9c4bd25eb4,3d6514bae0715a7dd27cc18e12d1a39469afe6d86a639a1c6445cb7acf7de9ef5e66adb546edb9ef47ff4e086570ac9f,318a182c395f3eb27e4c077869c58f9760f6b6ac51d56728ed02ea78a00ed8b03eee4ebc10eed4c35b21f5030afdb664c7e58d339c15f687b77e6bc64fa27163,Successful
.\scripts\Session_Cleanup\remove_zerolocks_web_api_sessions.v00.70.00.000.sh,4aac081ae3e00dd0c7d760a429e66bf2,5ecc8b69e679fabecb8a14a5a79f15fbc4a56362,0a90897b45e202aa7a1dbbc00ddf6737e89c8385f9f183e4d009f3b7f1af62a4,4802a5f34ff0aa924ed94dee9897f1ef1096647146c1cf87d64d28ff90a6520c8dabfd418eb3e34a1738439d53b58f05,eadfd66c2665852e2451a25bf01b8072aa5dd2ef8ee93597bc7227df0a1d7b5d6165b3ab843951d31f11b90187e7ba87eb134c7f932fe96e4f5bd64a7c6b0320,Successful
.\scripts\Session_Cleanup\Session_Cleanup_version.v00.70.00.000.version,81a2a8f221388d3d3df10dcc36942a9b,528a0d3852753965cfbb0a7fab52d4d314c288a0,7e3c1d702fb5595737db74849814df50137787604ee763a13299bb7c735b2184,2acf88632ec3044b91e6936d1706a8c18789bb1f3f57236e0ac6992753bb61e71359850c62317c5fd032e68b5c2c9ddc,f299a7c9abff3dd11a5bfde7f79966e941df1f0cf64a38a5b4d9b44340f9cb67ff417431abe6a250cd7bd08f75aad8d1fbd87a2c78922cba5c2d4c7d51983b24,Successful
.\scripts\Session_Cleanup\show_zerolocks_sessions.v00.70.00.000.sh,da9a60738064f245f1e1a00d176c47cd,4ab09970a7112d9c594e85ee2336eadb8c441f1f,9b8786d1f67d6c205fb9c80f1dee040b7a2ca54ae0de978f4aaa51fbb89f3e8f,fcfaa4a7ce6c7bee401d7b5b2f3673a56aa74af172a6e2bb68b1f7c69eb79db74aa215e14bf849959f87e6aa623a9b77,8631d70f7c81547d85236bc61296ba251d1d14dd6e5cef3ec6bc73371871c306e7b890b915bd62a489f9832d55b5ba225bd7ff64a9ff6d73ee83bc10a333df74,Successful
.\scripts\Session_Cleanup\show_zerolocks_web_api_sessions.v00.70.00.000.sh,aa37c9c2cc80dafdbbe2c532f160b58c,4e84100a385b13acb4b2e5c5774f519b142f2932,2e7edc4aa2632172025ec2c468a91e0eb53487bbeeee7b65eccfd82f85a0f69c,80110d87db92f9caab5c7b39014167ef2f1c431d6bfb9dfdd478298d4c562b3527cd599293af5c185e876f25da48b4eb,593964ada51ed1a89336707512d470ee1ad9a2df26ac4e656881163cde40004e907b4e7cc192c8b38534fc806bdc13190d245720208ab87665d5362ba821f80e,Successful
.\scripts\SmartEvent\LogExporter_Backup_R8X.v05.38.00.sh,8cd3cbc90b1a2548e5f16f8b0099e04d,4ec7342455e3562ed97789f363ee179cef2f1816,51418d736bd21cb06ae04e973509d9e25ff5ef6421da7cd8d31de55918b0556b,d96c684408e96a97e481eba1b58089840d0b0c4fb51d8eb2b9dd93a581dfc796fad8a421644d69ddfa8348d892c60cb6,bf4509d4db62812f01ba4ae8534238e7cc9ed3b1dccbf16c1771d75570cfbfa631a113169ea5bc891e0b26980bc45c01f4a7365aa8b6cb6cb1abbbbe391eb3fc,Successful
.\scripts\SmartEvent\NUKE_ALL_LOGS_AND_INDEXES.v05.38.00.sh,4f081d140b2704806a9a663498842b01,f0510c23670571ae1d120d55ec2921e548ce5ab2,d24b261355a3c29e763b6d0a9bfda568e55c55cf4a89dedae5faf071c5b63f3e,632dd92c726db86fb0dac0e0a25b567ca1b655b8c83a2a5059dc9e1d7c91eed949b5724ad9b9d6f32025f522c3d8721c,1bc9d7a0825cc0454349994b7ea309c04cc200b5fa3d8e75c3f2bc567aae9721f9134437bbb523fe81cff9f588c88a9a952c0f699c46e56d86ec53a729d9b1b8,Successful
.\scripts\SmartEvent\Reset_SmartLog_Indexing_Back_X_Days.v05.38.00.sh,5f1ab68e88ed4df65bc860dcf994809d,5810d11d7decd4b3eae7156b68229cd6c3bf923a,c942e58d75973c5f38193ab26bc22b3bf3fc83db04ffd88a1ac8ad69db235c11,56a971c618ed09ed5724a89b70e3a15a13ecbb751b3e6b4825c03cf369b4664569abc9501814c18c02474d29837db16d,19377f054c732c46b5f23a9e7ddc9b5978996d067dbf5501c40ac7795fc58a404a69cc854e7d43b02b563829873d0bcbaafe6e6f6bc1c5af9f511762f61e589b,Successful
.\scripts\SMS.migrate_backup\help.v05.38.00\migrate_export_epm_ugex.examples.help,a6b00baf748a9b1faffe371ac4a1ddb6,d809a2db2284fcdb3619ff9a0d00ebb1a747de24,bb20e44ef761b9975ff9390b66c60334b21458be8976dc2e660d519193849672,01360f3e41853c60b27d756859136aa0d8e15b0585875471f6c9977d7870bf4c955e198d9929f6acfe52ed16cfadf701,bcdb3ce6dd9f9f2e5578f7b310018c426c739deddd19414a39768f3ae03eb68d7a4216069a81e9e38d604a4159d3b9c140339fb05f775962cc4e7076568ae2ed,Successful
.\scripts\SMS.migrate_backup\help.v05.38.00\migrate_export_epm_ugex.help,c39a226556be501f0c436f9c3bcfd5b7,6ceb86edb6ccd4aca9a3124dff42302ba67306de,5ca07fb60ef437c085465b853c89b07d316f682f15473fef0e11d7d6202927e6,cf5bd737c6124f843b54b3d67789cbd4789ec2e7d68e2e5a614c637b29f9d1bdd540ade97135f600287d9858ba7cd732,e90fa81a4b59075837d7659b1381488dda1d47888dc84468b61729e30d93f6fa7c40ff16e7f177e8ecebefb6dc631e170ba9ff13482e53ec08bea0e1b66b27f7,Successful
.\scripts\SMS.migrate_backup\help.v05.38.00\migrate_export_npm_ugex.examples.help,a6b00baf748a9b1faffe371ac4a1ddb6,d809a2db2284fcdb3619ff9a0d00ebb1a747de24,bb20e44ef761b9975ff9390b66c60334b21458be8976dc2e660d519193849672,01360f3e41853c60b27d756859136aa0d8e15b0585875471f6c9977d7870bf4c955e198d9929f6acfe52ed16cfadf701,bcdb3ce6dd9f9f2e5578f7b310018c426c739deddd19414a39768f3ae03eb68d7a4216069a81e9e38d604a4159d3b9c140339fb05f775962cc4e7076568ae2ed,Successful
.\scripts\SMS.migrate_backup\help.v05.38.00\migrate_export_npm_ugex.help,c39a226556be501f0c436f9c3bcfd5b7,6ceb86edb6ccd4aca9a3124dff42302ba67306de,5ca07fb60ef437c085465b853c89b07d316f682f15473fef0e11d7d6202927e6,cf5bd737c6124f843b54b3d67789cbd4789ec2e7d68e2e5a614c637b29f9d1bdd540ade97135f600287d9858ba7cd732,e90fa81a4b59075837d7659b1381488dda1d47888dc84468b61729e30d93f6fa7c40ff16e7f177e8ecebefb6dc631e170ba9ff13482e53ec08bea0e1b66b27f7,Successful
.\scripts\SMS.migrate_backup\help.v05.38.00\migrate_export_w_logs_epm_ugex.examples.help,a6b00baf748a9b1faffe371ac4a1ddb6,d809a2db2284fcdb3619ff9a0d00ebb1a747de24,bb20e44ef761b9975ff9390b66c60334b21458be8976dc2e660d519193849672,01360f3e41853c60b27d756859136aa0d8e15b0585875471f6c9977d7870bf4c955e198d9929f6acfe52ed16cfadf701,bcdb3ce6dd9f9f2e5578f7b310018c426c739deddd19414a39768f3ae03eb68d7a4216069a81e9e38d604a4159d3b9c140339fb05f775962cc4e7076568ae2ed,Successful
.\scripts\SMS.migrate_backup\help.v05.38.00\migrate_export_w_logs_epm_ugex.help,c39a226556be501f0c436f9c3bcfd5b7,6ceb86edb6ccd4aca9a3124dff42302ba67306de,5ca07fb60ef437c085465b853c89b07d316f682f15473fef0e11d7d6202927e6,cf5bd737c6124f843b54b3d67789cbd4789ec2e7d68e2e5a614c637b29f9d1bdd540ade97135f600287d9858ba7cd732,e90fa81a4b59075837d7659b1381488dda1d47888dc84468b61729e30d93f6fa7c40ff16e7f177e8ecebefb6dc631e170ba9ff13482e53ec08bea0e1b66b27f7,Successful
.\scripts\SMS.migrate_backup\help.v05.38.00\migrate_export_w_logs_npm_ugex.examples.help,a6b00baf748a9b1faffe371ac4a1ddb6,d809a2db2284fcdb3619ff9a0d00ebb1a747de24,bb20e44ef761b9975ff9390b66c60334b21458be8976dc2e660d519193849672,01360f3e41853c60b27d756859136aa0d8e15b0585875471f6c9977d7870bf4c955e198d9929f6acfe52ed16cfadf701,bcdb3ce6dd9f9f2e5578f7b310018c426c739deddd19414a39768f3ae03eb68d7a4216069a81e9e38d604a4159d3b9c140339fb05f775962cc4e7076568ae2ed,Successful
.\scripts\SMS.migrate_backup\help.v05.38.00\migrate_export_w_logs_npm_ugex.help,c39a226556be501f0c436f9c3bcfd5b7,6ceb86edb6ccd4aca9a3124dff42302ba67306de,5ca07fb60ef437c085465b853c89b07d316f682f15473fef0e11d7d6202927e6,cf5bd737c6124f843b54b3d67789cbd4789ec2e7d68e2e5a614c637b29f9d1bdd540ade97135f600287d9858ba7cd732,e90fa81a4b59075837d7659b1381488dda1d47888dc84468b61729e30d93f6fa7c40ff16e7f177e8ecebefb6dc631e170ba9ff13482e53ec08bea0e1b66b27f7,Successful
.\scripts\SMS.migrate_backup\help.v05.38.00\migrate_server_export_epm_ugex.examples.help,faeb658dc1e14cb74ce725463dc2d031,dd2155b2e610f0e8d029ebc7dc0e2b0cb5d77e8a,f56f7e8c50e51cbef3411457d79c9c0c4b2b5359d7c877a13285b8ad94475660,61193a33973613ba652d319c1c2d04a3b53bc58aedc75f89e41704673e1623e79da6366a6ec3ab0fd8b4b1a21f178252,3c72ddbdf396469a4e4131d8423d68d07de29e243882e2c3eadda9aaa289ec155751e08086691c1bbc953a4d0d720957059c6a689266938c84e31d91c0e5ed0f,Successful
.\scripts\SMS.migrate_backup\help.v05.38.00\migrate_server_export_epm_ugex.help,c39a226556be501f0c436f9c3bcfd5b7,6ceb86edb6ccd4aca9a3124dff42302ba67306de,5ca07fb60ef437c085465b853c89b07d316f682f15473fef0e11d7d6202927e6,cf5bd737c6124f843b54b3d67789cbd4789ec2e7d68e2e5a614c637b29f9d1bdd540ade97135f600287d9858ba7cd732,e90fa81a4b59075837d7659b1381488dda1d47888dc84468b61729e30d93f6fa7c40ff16e7f177e8ecebefb6dc631e170ba9ff13482e53ec08bea0e1b66b27f7,Successful
.\scripts\SMS.migrate_backup\help.v05.38.00\migrate_server_export_npm_ugex.examples.help,faeb658dc1e14cb74ce725463dc2d031,dd2155b2e610f0e8d029ebc7dc0e2b0cb5d77e8a,f56f7e8c50e51cbef3411457d79c9c0c4b2b5359d7c877a13285b8ad94475660,61193a33973613ba652d319c1c2d04a3b53bc58aedc75f89e41704673e1623e79da6366a6ec3ab0fd8b4b1a21f178252,3c72ddbdf396469a4e4131d8423d68d07de29e243882e2c3eadda9aaa289ec155751e08086691c1bbc953a4d0d720957059c6a689266938c84e31d91c0e5ed0f,Successful
.\scripts\SMS.migrate_backup\help.v05.38.00\migrate_server_export_npm_ugex.help,c39a226556be501f0c436f9c3bcfd5b7,6ceb86edb6ccd4aca9a3124dff42302ba67306de,5ca07fb60ef437c085465b853c89b07d316f682f15473fef0e11d7d6202927e6,cf5bd737c6124f843b54b3d67789cbd4789ec2e7d68e2e5a614c637b29f9d1bdd540ade97135f600287d9858ba7cd732,e90fa81a4b59075837d7659b1381488dda1d47888dc84468b61729e30d93f6fa7c40ff16e7f177e8ecebefb6dc631e170ba9ff13482e53ec08bea0e1b66b27f7,Successful
.\scripts\SMS.migrate_backup\help.v05.38.00\migrate_server_export_w_logs_epm_ugex.examples.help,faeb658dc1e14cb74ce725463dc2d031,dd2155b2e610f0e8d029ebc7dc0e2b0cb5d77e8a,f56f7e8c50e51cbef3411457d79c9c0c4b2b5359d7c877a13285b8ad94475660,61193a33973613ba652d319c1c2d04a3b53bc58aedc75f89e41704673e1623e79da6366a6ec3ab0fd8b4b1a21f178252,3c72ddbdf396469a4e4131d8423d68d07de29e243882e2c3eadda9aaa289ec155751e08086691c1bbc953a4d0d720957059c6a689266938c84e31d91c0e5ed0f,Successful
.\scripts\SMS.migrate_backup\help.v05.38.00\migrate_server_export_w_logs_epm_ugex.help,c39a226556be501f0c436f9c3bcfd5b7,6ceb86edb6ccd4aca9a3124dff42302ba67306de,5ca07fb60ef437c085465b853c89b07d316f682f15473fef0e11d7d6202927e6,cf5bd737c6124f843b54b3d67789cbd4789ec2e7d68e2e5a614c637b29f9d1bdd540ade97135f600287d9858ba7cd732,e90fa81a4b59075837d7659b1381488dda1d47888dc84468b61729e30d93f6fa7c40ff16e7f177e8ecebefb6dc631e170ba9ff13482e53ec08bea0e1b66b27f7,Successful
.\scripts\SMS.migrate_backup\help.v05.38.00\migrate_server_export_w_logs_npm_ugex.examples.help,faeb658dc1e14cb74ce725463dc2d031,dd2155b2e610f0e8d029ebc7dc0e2b0cb5d77e8a,f56f7e8c50e51cbef3411457d79c9c0c4b2b5359d7c877a13285b8ad94475660,61193a33973613ba652d319c1c2d04a3b53bc58aedc75f89e41704673e1623e79da6366a6ec3ab0fd8b4b1a21f178252,3c72ddbdf396469a4e4131d8423d68d07de29e243882e2c3eadda9aaa289ec155751e08086691c1bbc953a4d0d720957059c6a689266938c84e31d91c0e5ed0f,Successful
.\scripts\SMS.migrate_backup\help.v05.38.00\migrate_server_export_w_logs_npm_ugex.help,c39a226556be501f0c436f9c3bcfd5b7,6ceb86edb6ccd4aca9a3124dff42302ba67306de,5ca07fb60ef437c085465b853c89b07d316f682f15473fef0e11d7d6202927e6,cf5bd737c6124f843b54b3d67789cbd4789ec2e7d68e2e5a614c637b29f9d1bdd540ade97135f600287d9858ba7cd732,e90fa81a4b59075837d7659b1381488dda1d47888dc84468b61729e30d93f6fa7c40ff16e7f177e8ecebefb6dc631e170ba9ff13482e53ec08bea0e1b66b27f7,Successful
.\scripts\SMS.migrate_backup\migrate_export_epm_ugex.v05.38.00.sh,d5bf1b31fd7e1ed5ee428070e180e7d2,1aa673cd1f7e2e90b854b6768b31ba7ed02ddb5b,5b6d3ad0aaf322742f23e0b9212dab5a42c42b1dc7691dd040bcc16c319df78f,cbe251549fa5b1e61bb33db7bd123908fc57596c4fe47ae57c02cc1b97d531a35257186565232dc809cb4eb70a1542df,6208a872085719d4ba572a21ccc708833d8505a27a1b1ef676bf582c6ebf99287fe869c43c02576e2f5da8d0cfe4b80411d1a36150dd4d83ef6bb1bbdb6e965b,Successful
.\scripts\SMS.migrate_backup\migrate_export_npm_ugex.v05.38.00.sh,257b361272d6cb7d58e67fccc39f4e2f,67849503d1cc085fd435e5dbcdd2203d01c40fd5,3e3da62f06eb997f962ba2c2b57e49726d2b8be1c1535e029abbf7f7d7606342,f5672b861d0c327b0fb67fef7864a712bbd16de7c35a5c4f7bd719ac6f13b196adb3279ea9b698c22b57ea2a8751079f,ae987493b90900e07acd1f754a135bdff5ee87673a5c7eb18be43161d7e9ae408521163c3ab40e5bb866cfb85c4118f4d8ad98ba0312930c6e70b2071d88e90d,Successful
.\scripts\SMS.migrate_backup\migrate_export_w_logs_epm_ugex.v05.38.00.sh,ad71a18315d7b48513701f32d1709be9,ad54013d6a757fd1b88ba5642479d2a944a263b7,76441de57b941bc69761651da8631ebfe8d79a4c8ab7d52d8f369d06a363d278,6333d50b23f3e04ff16232dad6ce82ec6307b48e6cc1db00deed40fea8a7880a9f1e867dc9a65dae5390705bf4821e49,9db436df4e0404935f1a658d6174e612a0ca6e8c2aa0bcd71183ea5e34560b5d1317fa9a1330db78ed015de6c1e2b1c64f45e3dea95e7b279ff9ac490c4e1e9e,Successful
.\scripts\SMS.migrate_backup\migrate_export_w_logs_npm_ugex.v05.38.00.sh,61359f0fdbcb4d0342f5535da4cfc396,0c51b44ae4b7c2c955cef1e0ccd072e7d03a7643,0525a7631cc612ade69be3a9941f6529f4fcb8042381ef7e7145c4348110a0d5,cfde04142aed5ba5481ed0e36d2ebad816a5480caeb5274c6de2fe750525d9236af463925f68239645ba3990d87df11f,d798f6f25a06aea1737a8b32651c9012bf96c9472a47cf7964163fcba040d1f279a64db8163056c5e1aa451c4473101d00893abf0f88adef46b603a0036ce9e6,Successful
.\scripts\SMS.migrate_backup\migrate_server_export_epm_ugex.v05.38.00.sh,f08243eab70f26d632e9d94df6ac69f4,19b110e0fc63345e95d9132025b725da3b87323c,a416bafed33fad59e533a7536ce9eed1e8a0a45f216d08f6905973ccb07066f6,6153905361b8dae715ce2a7f856eae1f59e5aa0bcf425715e30663723933fa30da0989ff884b12aab40b35a70b87cc9d,f0f026faa6e86c533fe7b1b532c725b402b31da43242bd12b32b9337e3cf97ff83c4fb58a811f0cb5463c620c23a8ca59ce15c870b00feb846d7d44f2ac8ae9e,Successful
.\scripts\SMS.migrate_backup\migrate_server_export_npm_ugex.v05.38.00.sh,5c40687cac70d121e1beec1dc8d2fad6,adba81618633d2324bc60c9497990b542315e1ef,832ebb822dff61bd93980f443265d4af8415c0eb193d82d25c2afd702b3faac5,7a1c965fb5510a96b8d735a0f4084a0f39bb0cd0c26f7b6b1dd7509419086d2e9291f1faec02329d6421057df02727c8,465b1dabd2c9f4d673899484b2c53680b5aab6d246a1b9cf5e341137096551f25fa38e250f3df2d0b651156decae3ddf8a10506b5a8fbd057f04418e17ea1f9a,Successful
.\scripts\SMS.migrate_backup\migrate_server_export_w_logs_epm_ugex.v05.38.00.sh,11a478b848ae7bb8031c25dc482db54a,adb1ee7191f2c566dd672ae042184d1c0c5784f8,16bf61ace24fc755af63484928a8fa1e264606677d58700b7e8d31e2ed1461a1,57d662a9f33fc5e5dc6ac3971c9969cb00999c1d600f686b72dda7a6597fec8285c7bdb68004bf0010de62d1e973ec8a,d9b4b65c8b38fa56479fa71f11825fabbceb94d101123933d6db965de710e1dcbeef4dc97d13ed3c6a094c9064891ba3368106142754f2e9cdc06e06d98a7743,Successful
.\scripts\SMS.migrate_backup\migrate_server_export_w_logs_npm_ugex.v05.38.00.sh,27e1f239a53832a8493e2f1ed81886b0,33b573a57e3aefc041d77c1b6b8c1b7bf2cf9ef5,67550b11f418c3dfb55e878458d2cbffe0a001a630100159a053c4f13967752b,ddf3fa8714519559f9f8ec66698f66a0ff7a73d0079fa5d6e70f26d2870d3cc60e652b09e4616ef2a7835542506bbf91,48b1b43cc03c7a62abe230aab95e2fb965c27d4bb5618fbf411af8abf7090284ae11e651bd959c23e55c073d3a19c184a8b60e8ebdd06215c985002b5b376bb8,Successful
.\scripts\SMS\report_cpwd_admin_list.v05.38.00.sh,46b85fd1ec7554e5d7ed0bcf47310a11,c0e532f9f71ccec12bfc5e9236887b5da51175bc,ca130e61eb5dcfc7d003bb5cdf9d38b2cf735ee918ff04c79328684cff788af5,8a81c70c25e928572a4402b1568269921f07257ada2b4675235446247b0050e79a9eb282a51e08f474b0f42bb9b671fb,5af0580a28b346e7cb6c6c9f076ab00050556c7d94b7134be518c09ab628a7d0528bae00bbac388e8426ee991bb0f041f4aa5e7a0933c239f3d1aa408f5152c0,Successful
.\scripts\SMS\reset_hit_count_on_R80_SMS_commands.001.v00.01.00.bash,3bace6f862dbc28a4fe0cb34f257403b,204657dd2994a2c291206b6f7e0b748ff1f24b1a,731235884438204cf90a8312e5378c14f89545f9b4e21c99f2e8fd6460c97991,bc6512347c794aa56ab5f9a58ee088d25e44d220d13df5cc53a1a6cdd600484cc35882b0892610c03a8b8c1a127102cb,459f23867fb99a37bb01a65e3f548a203758e98b83a85d656ba932477b8e2bf39cda650becf6a2e96aa0441ed10800e936a126a6d48c45913baeeae6b33639bd,Successful
.\scripts\SMS\restart_mgmt.v05.38.00.sh,72ed6a82c75ad56eeacbdd70da547050,217c4995853d97fa0e76235aa9897c4a55f0b0f6,244324d0bc80c9e6c9332d7858577f98af875f563fa5b258ac17f7399b094eae,07d1679ca9b1ac8276e7ed991df6f6177a3cf1da981c766ffb2ffaa776cf1f0dda4f75c5b11a80f5f21eebd20f578766,fc6ecab4f2265552fce1af43c6942d47a9739c7b49e6074c753ead257773113f6397bd42ed9c919bd81bb85e1fb07bf98cb7f63e3d3a7c8783cc4f37d3867e52,Successful
.\scripts\SMS\watch_cpwd_admin_list.v05.38.00.sh,98c68ed407bc73ae53adb7a4e5b6c1e5,3d00cc454dc6010d1571eb113e311cb09f58bc3d,7c6c7d744d390cef3a111d1684cb87f11f0e84c7fd4c7fecb4d274d2f374703f,cb3a350417b69c52d01bdc8193a700393c9ecccb1f3f05cfcc57915bda165c0241ed9c97960f3395afe0a68f36dd3708,f2510fefc7f238a15695019f04e6784dc1752836d4d6ea6650ebb9b046023fa71e1e256d403fcec50d60666dfefacf2c630d5e7a979ed42efc262ccd9e5d3dd7,Successful
.\scripts\solution_info.json,0c1cefc2fd78422b00201fd8cf7a3454,fa4999816a270608b47958bc8b3bdd9d84e7ab52,21a3cd31ff80ffeddee9ff14cc5b5798530360c8a8e9ec1b897c20e0120a5971,2b33330458c1d238d29d2b050db96fbbb7506536dd8f1ec805ec8a6338fa7c438c5071ccb565f7f306e501fc8d2cf3e0,4317d948b926c7444d972fb8009c668d2f70f812b92dfc7aca0c6b90c7db3e563191434b28ae5a03f2690ac52d1e80cec170ee4a076419e33fc187de5f726275,Successful
.\scripts\solution_info.v05.38.00.json,0c1cefc2fd78422b00201fd8cf7a3454,fa4999816a270608b47958bc8b3bdd9d84e7ab52,21a3cd31ff80ffeddee9ff14cc5b5798530360c8a8e9ec1b897c20e0120a5971,2b33330458c1d238d29d2b050db96fbbb7506536dd8f1ec805ec8a6338fa7c438c5071ccb565f7f306e501fc8d2cf3e0,4317d948b926c7444d972fb8009c668d2f70f812b92dfc7aca0c6b90c7db3e563191434b28ae5a03f2690ac52d1e80cec170ee4a076419e33fc187de5f726275,Successful
.\scripts\UserConfig\add_alias_commands.all.v05.38.00.sh,4b17492348851894db06583aad7dd2e3,993ff323fb93604313a1883a08e52e24bea5a66d,b29895eb5ce3035a00bc90cba3c7a0e62f776ad8b703472a9f9e9ba049018fab,a2907dc4f95735e8570f7c087ab9f3b66f71bb66ef943c06279feac8e7da8a6db2bd163bbc3d4a509d758624e1888ee4,ade5fa0adeb2d2391e1880bf298ee2c9219810c231daf54b49c37582f5f1c3cfca494e42fd254656d1f10876a317b385b34755f8053f439f33e84684cb10ecde,Successful
.\scripts\UserConfig\add_alias_commands_all_users.all.v05.38.00.sh,123f68d0c95ba44fce9e08fc7657f554,f333bec30bf6e4bddcfbda922d3e9a740576616b,530fc5c23ebfc2d02bd8c99767959377b3a667855b641531207f7a7df515e8af,cf57ce9ebe6ce786fa6925ec0674d05d8d44b45e3b2faf8fb1297abc048cdc508d3efd0be4798e4112e72c40e1cde891,6171ddd53669406853b6e936a38c9d88a14babf9225ca139ca4d4eac196862623dddb2dcfc7fed88189b9fd361ffb3856ec09599ac066c9e1d47a59b0358d107,Successful
.\scripts\UserConfig\reset_all_users_home_profile_files.v05.38.00.sh,0cbdac8baad7a86ad28c6456a068bda2,e928846fd201bdb53a11a6d9b33ebfcf88929891,182bf64bf725987f8d9a98618472d66e7179c39214f487bf23aa3a9b51fab1e4,35b1632ca71fc6666e0d4f793adf8ec167cd1765904480e285631eac7a1399d1e5c9b0d7059295d5d85cef5fd1587c48,aaa25f130c409a7fc3808971567276b3304feaaa479b4a323bfac464aebc0a0844765db31e3a8e6a6bb2a3ccd30fe04d4a27f2e4a43db7727edbb35b5c726a2c,Successful
.\scripts\UserConfig\update_alias_commands.all.v05.38.00.sh,794d6615322c59794596640c3a92a9bb,2e6aa24917f04e9e58eaed03d84b8418d7584967,0f01917f55d002fd64e1d86aa90dd8ce09d1eeedffec81e27aa2a45ae68ffc7d,deb464f3c5c5e7f4a4b236f3f7403601687411f96188040203d0d028d571aeafe07db2e77697ab387112066fc0320f71,59360e99e4042cc767229abb5d07742d59a6cdad003c582afa40d4a5eb3bd47a050275eff77ca17f8406c2deda750695e67e0a16a9cb758a6477cb9de3e5fd7b,Successful
.\scripts\UserConfig\update_alias_commands_all_users.all.v05.38.00.sh,b976daa674f52e78587890112ef27185,7572355ec7e1076bacda8f5ebf678d2b72f46c32,e178c11ef0d5dd71cc9041500cb49e218e9e208d9dd226424d3ea8959467bc1b,7505e316ef1a70f92aa6945a8f85c1831f165c7d924c6d101f8e348490e8b08056fb6b1064f4833ab369a5125c4d1ca9,16a8ffce88e57c8a3ec2b3f34733583e9e7e4809fe843fb67acd707254738911148d76b2aedbb83b88882c949dee04ea6171df049327f050c958d245520ad856,Successful
.\SECURITY.md,7933527f323e379ec7343dcddf6a708c,fbb328aaec9cd5f0e6dc6af8c7e76aafa63e4abb,214ab3a202b49321a97ac0b99e5748398aaa3f210551862d19f6452157df2b8e,2d434ee5b00cc5fa94493007d696a66e93a14c49453cde9df28789671e96aac134c84565ea366adedfc4bc26a9dfc439,814c32ee01fad7b35d9e8ef4313516232f4343d7798f5d8659b9fbc74ac6268472f09a77dc149d56e4adc646dbe47c58c7b557c461dece1b255ddf3827d3b135,Successful
.\solution_info.json,0c1cefc2fd78422b00201fd8cf7a3454,fa4999816a270608b47958bc8b3bdd9d84e7ab52,21a3cd31ff80ffeddee9ff14cc5b5798530360c8a8e9ec1b897c20e0120a5971,2b33330458c1d238d29d2b050db96fbbb7506536dd8f1ec805ec8a6338fa7c438c5071ccb565f7f306e501fc8d2cf3e0,4317d948b926c7444d972fb8009c668d2f70f812b92dfc7aca0c6b90c7db3e563191434b28ae5a03f2690ac52d1e80cec170ee4a076419e33fc187de5f726275,Successful
.\solution_info.v05.38.00.json,0c1cefc2fd78422b00201fd8cf7a3454,fa4999816a270608b47958bc8b3bdd9d84e7ab52,21a3cd31ff80ffeddee9ff14cc5b5798530360c8a8e9ec1b897c20e0120a5971,2b33330458c1d238d29d2b050db96fbbb7506536dd8f1ec805ec8a6338fa7c438c5071ccb565f7f306e501fc8d2cf3e0,4317d948b926c7444d972fb8009c668d2f70f812b92dfc7aca0c6b90c7db3e563191434b28ae5a03f2690ac52d1e80cec170ee4a076419e33fc187de5f726275,Successful
