Generated by MD5 & SHA Checksum Utility 2.1 Pro,,,,,
Website: http://raylin.wordpress.com/downloads/md5-sha-1-checksum-utility,,,,,
File Name,Folder Path,CRC32,MD5,SHA-1,SHA-256
fix_scripts_after_copy.sh,\scripts,79AF7642,BA52665824313CB6DF078207EA95F3EE,50A41722A9CDA27CE5C06D5B82BA0C7F7541CB50,E3C6122AF6D2CE091924EC0009164E39FF7C27DA78DDD4E71301C548E381C7F5
generate_script_links.v04.26.00.sh,\scripts,C4E218DB,DE7E20E1098EDA32B4C7FEF811997EA5,000139956DA62E023E226735404D6E1BCCB51390,32FD411F101DDFAD44702B2DC2B2F1C4F71AC638E7C4B4FB338FC8D7AF382727
remove_script_links.v04.26.00.sh,\scripts,73C38727,08D29C81CDCC39E411AB94A7D37C1CCE,21CCD67C4078D1F5693D8C3296C8415B5F8E2197,E991C0671C472B406E89F5B40AC06A38894CB859890EAFF3FD8FD0609FC52DBC
scripts.2020-03-11-1920CDT.v04.26.00.005.version,\scripts,F5E9DF46,11BB8123CE21E6D3A1798F40052D6335,DE7B8925D634648D89C614C0545A6ED672DDEBB4,C86A970F474C485FDF73E80E17D4604050281704B12BCBD5BFCEA1A072B20BD9
touch_all_scripts.sh,\scripts,F4518DAC,E4C0963D9D497E26E3065EB16C5B4416,E2E0E3420F41D31DEE722342A361503473E0B3D4,82B64BACED1B099578E49969926395DB940AEA3788461868FCCC724D9BC08D88
updatescripts.sample.sh,\scripts,6AB08AEF,A9EEF4DD312F05A752C33742E7F168E3,96F56FF9FEA730EF6F0F0EF7E95AF9EAD380DD04,240D9848316CD33BB5DA4D52DCD1EC030BB74895EE0E6192557E466DD8523115
update_tools.sh,\scripts,49BBEC15,86334A8BBECD5B1B4DCD6CE6CF7BA2E5,596647EAD6F0D7C35DD3B72F42ABD85EDC8C1B8E,B477C08CBA88EA13A184904AA1CF9603953896863E9CE70FFBEE3BD81B890663
zzTouch.sh.root_only.CMD,\scripts,2B909736,215E4355AD9CAE4D316F4FF47A208425,B7D2FD51CD6514221062E67AE0E2E1323CD4F108,BEBEA82E99510C9366FBA5A2FC88FE082A09C0D94698735590BF4F5A89DE40A3
__root_script_config.sh,\scripts,1FA6EFF3,354B3AE1D651DC1084B10C864F8B4470,B545A51DA936E508938B4310C9DBA3FE97D37B46,BE994AFFD87527CCBE09B01056A66B4B79F19CF2632B9BE4D557E43687498318
alias_commands.add.all.sample.v04.26.00.000.sh,\scripts\alias_commands,326CAF4C,8619029228442C898486EEE3FA79F256,D742B2D96B23754950E69F95D97448A63D09CDD4,BFE22BBA68F5354DECFC85F19474B0887C4E4669303125D1950B196A76DC5282
alias_commands.add.all.sh,\scripts\alias_commands,326CAF4C,8619029228442C898486EEE3FA79F256,D742B2D96B23754950E69F95D97448A63D09CDD4,BFE22BBA68F5354DECFC85F19474B0887C4E4669303125D1950B196A76DC5282
alias_commands.host.setup.sample.v04.26.00.000.sh,\scripts\alias_commands,0D4C6C82,EC214DF1E54863F547457B30D5080477,5E41A9C930100A12B0E306937C9B96CBEC4195C7,ADB7A6E77126CD0B3DF6EA999190B8C0DB8FA73D2BEAD5849E5D25AB04109541
alias_commands.host.setup.sh,\scripts\alias_commands,0D4C6C82,EC214DF1E54863F547457B30D5080477,5E41A9C930100A12B0E306937C9B96CBEC4195C7,ADB7A6E77126CD0B3DF6EA999190B8C0DB8FA73D2BEAD5849E5D25AB04109541
alias_commands_for_dot_bashrc.sh,\scripts\alias_commands,27BB4F32,58300ACF95619DF5D91975D217513913,8BD0BF92FC7415363EECBC88129B7C87EB3EF214,B3D6DE68289BC4363471BA9F0EDEF0CCF60BAF62A904ABF0AC34E17A592C2C4A
alias_commands_for_dot_bashrc.v04.26.00.000.sh,\scripts\alias_commands,27BB4F32,58300ACF95619DF5D91975D217513913,8BD0BF92FC7415363EECBC88129B7C87EB3EF214,B3D6DE68289BC4363471BA9F0EDEF0CCF60BAF62A904ABF0AC34E17A592C2C4A
zzTouch.sh.CMD,\scripts\alias_commands,8379E85E,49ACA50D7A82C7756B1BAC6B6178FAFE,8E1E1B30FC85B57AA641A90E3F41B8A31E25BF0B,6E878FB4A5A0F3987CDA10C5029A79904427D4077F9A94B87F66CDA0D46E9AEA
determine_gaia_version_and_installation_type.v04.26.00.sh,\scripts\Common,BD6FD47D,4B0EDF09B189FE4AEC60F5F397BE543C,A63ED24035E6FA52991D154F0780CC9BC299BD4F,B99296150F383BA213064A385BDE5DF5B766921421FFC93D5F321867F1160924
do_script_nohup.v04.26.00.sh,\scripts\Common,D7A9ECF4,A50380D56BEFC53E429B6291E5753CDC,43041B3F85BF3728B68532E52B588D92A5D4B50F,6BB9C9CC398887E5183C47B8898CDB5C0A2CA0B6484D141CF29553BFB11D27AF
go_change_log_folder_now_dtg.v04.26.00.sh,\scripts\Common,DDAD99D6,40B50419BC0326300A0EC382242D42B5,424AE5EFED3E58023B4903DB09FDDF74A5FCB209,176E5F595899E7A9D170EA6B9595A48D6135FF7B53E0FDA6A312B0FCEF56EF89
go_dump_folder_now.v04.26.00.sh,\scripts\Common,D7CBD908,BD8CEC6B8F562577ADFA734998A6A57B,240A2CC84E6BC5FBE2855FF24A1A2C9DBE4E0884,F4142152ED23D4EC9946024C81639403CED2C4B38E26B40ED928BABB74DFF8B6
go_dump_folder_now_dtg.v04.26.00.sh,\scripts\Common,864F3872,E98401E734523E4186D9C3D11096D980,5D70F1323524F059E240793F1DCE905BEAC91600,76388F128DD85086C334CE77F20B4D55874CA98465E3E4AEEB0907B633F78D42
make_dump_folder_now.v04.26.00.sh,\scripts\Common,6BB6DBBB,E6505A48302E77BC44D00BE91B328852,1F3911027CB8D7222BDB2CD74CDC1CE3D437E33B,3295640BEDC2606468CFC261139D8D2DE12A07019B848A39AFD70DF85B846C02
make_dump_folder_now_dtg.v04.26.00.sh,\scripts\Common,7BF68DEB,719AE358D325670A1D0972CF717EE050,1014B29E8E2BD560B6C61257B7A4FE285CAA58CE,76AAC7FEB4A166C2A933457BC7665EA0EF334E2A2823C484D713183475867B4F
zzTouch.sh.CMD,\scripts\Common,8379E85E,49ACA50D7A82C7756B1BAC6B6178FAFE,8E1E1B30FC85B57AA641A90E3F41B8A31E25BF0B,6E878FB4A5A0F3987CDA10C5029A79904427D4077F9A94B87F66CDA0D46E9AEA
config_capture.v04.26.00.sh,\scripts\Config,F0C12191,6F6697A26BC703178055E35DF16AA4A4,9CE09B2E8B04F1B849D3E6ED21A35B15FBE060AB,47EC85564AF282EA05F77DEB2591976E311DA40001A05C9D274339173F462360
EPM_config_check.v04.26.00.sh,\scripts\Config,A83188FF,442B5E07738C097E863EE6AA7C1F18D3,A18D531A2FFD81E176567608C3C158F579A12694,0ECEC8EDE3186726B2EBAAAB9E9DC903E6A671026DA502A75CC4094C4964FB3C
show_interface_information.v04.26.00.sh,\scripts\Config,F9EB4175,391D767A4B615BD3B66B3E5EC2EF2238,E1D2416283C67F3DDF78156D84282054B7ABBF13,F27E8DD94DBBEF91ACED55647C67C58588060167BE2CC010A203DAC1DC6E26FC
test_config.v04.26.00.sh,\scripts\Config,520EC0A2,7D4498B0614AD12F9F9002B6FAEEA774,49CA62575538851E73927DA05CEA15396222DE71,ECFB2170F28E084CB82916545DF31BEB8095866F91E795D4359AFAB19F11595E
zzTouch.sh.CMD,\scripts\Config,8379E85E,49ACA50D7A82C7756B1BAC6B6178FAFE,8E1E1B30FC85B57AA641A90E3F41B8A31E25BF0B,6E878FB4A5A0F3987CDA10C5029A79904427D4077F9A94B87F66CDA0D46E9AEA
update_gaia_dynamic_cli.sample.sh,\scripts\GAIA,6DA77252,CC6410080E39306D6F6E2A24E5241B8B,FC6F4AC05732FF23FD24011B45E20B656EC5AE4D,F4028E0F0CE05BD7424FEFAB27B57568B34EF0C69D8A756FD950CD2CFB054AFA
update_gaia_dynamic_cli.sample.v04.26.00.001.sh,\scripts\GAIA,6DA77252,CC6410080E39306D6F6E2A24E5241B8B,FC6F4AC05732FF23FD24011B45E20B656EC5AE4D,F4028E0F0CE05BD7424FEFAB27B57568B34EF0C69D8A756FD950CD2CFB054AFA
update_gaia_dynamic_cli.sh,\scripts\GAIA,6DA77252,CC6410080E39306D6F6E2A24E5241B8B,FC6F4AC05732FF23FD24011B45E20B656EC5AE4D,F4028E0F0CE05BD7424FEFAB27B57568B34EF0C69D8A756FD950CD2CFB054AFA
update_gaia_rest_api.sample.sh,\scripts\GAIA,B85AC79F,16AC7C541020E6C2693D25BF867727EF,817FEE318C229762D16AE6BD1989E38D68B40790,62A3B694B07D8C8B836E7EC853D989EAB0556841DB3BCF53BB9F92579DF95760
update_gaia_rest_api.sample.v04.26.00.001.sh,\scripts\GAIA,B85AC79F,16AC7C541020E6C2693D25BF867727EF,817FEE318C229762D16AE6BD1989E38D68B40790,62A3B694B07D8C8B836E7EC853D989EAB0556841DB3BCF53BB9F92579DF95760
update_gaia_rest_api.sh,\scripts\GAIA,B85AC79F,16AC7C541020E6C2693D25BF867727EF,817FEE318C229762D16AE6BD1989E38D68B40790,62A3B694B07D8C8B836E7EC853D989EAB0556841DB3BCF53BB9F92579DF95760
zzTouch.sh.CMD,\scripts\GAIA,8379E85E,49ACA50D7A82C7756B1BAC6B6178FAFE,8E1E1B30FC85B57AA641A90E3F41B8A31E25BF0B,6E878FB4A5A0F3987CDA10C5029A79904427D4077F9A94B87F66CDA0D46E9AEA
config_gw_TLS_ECDHE_ECDSA.v04.26.00.sh,\scripts\GW,C25C1596,BF4EF4AC138D0A7DE32069564DF5D45F,EF682A930E97A2433E72BC19B0C5165DC816475C,5A865165B33D5981F08556396917B7E9C24102B760E44C1F66E80664CF6DF605
enable_rad_admin_stats.v00.01.00.sh,\scripts\GW,ECBA2B80,DCC3F5AA6D4090694438DD12370E75F3,CD173F1C632881A8E0A3B591A498C72931AA7BA5,4025A929002949231C4A79D3CEC8694DD4BFAE468214327BCD6855DFEF931F20
reset_hit_count_with_backup.v04.26.00.sh,\scripts\GW,7AE069F3,165F7BEBA621ACD99A9808112DC55701,7502B49146A03284BE008B64D9FA412EF6518DE2,F272BDD5B440A7E29201C713E0F450757B9AD45074678A1525505BF4AFAFA874
set_informative_logging_implied_rules_on_R8x.v04.26.00.sh,\scripts\GW,681CEB90,A146085F7AE91FA2773F9EE27BA9CA6A,EA766E341760EE6CD5021C79481F8F10058541F2,D390C4C50EE89B61ACB1EE9C3ECB13E7982B98B8C30AD203DD98BDD598A5E1BD
show_clusterXL_information.v04.26.00.sh,\scripts\GW,97E06A02,F1718292DB2B037F3B232ABD10FC35FB,E286E21955AE8724236C3964CC7B8B6DE82D5D5A,9164ECE5482CA203E9396EAF996C0BFEF8409588CCFD27031E89D0756173573E
vpn_client_operational_info.v04.26.00.000.sh,\scripts\GW,BDFE1464,71A50374EC050ED6AE21E6AD12D3A34C,63C2B776D8A294E28AB9BD602BC1D74595ADCF8C,77D63F51181899CFFC236A165AB3B4043C877262D9934088E2590CC113D8AB1D
watch_accel_stats.v04.26.00.sh,\scripts\GW,92E9206A,9DF61B0E2D229BAAD97A7496D9D8F121,BEC97A1194F806D16CB405C51B50AC3DD992526E,0BD586F763566D966F7F5AED07EE9E7C8910A57B820D6E6124E7DBBD0AE67779
watch_cluster_status.v04.26.00.sh,\scripts\GW,FB8200E9,B4D1537EFDFC9D1640FD975D8AD8FBB5,250181A223B0804ADD6EF358A79A7DC3624AC196,FECADB9D60BEDAC729A31DA5A94C295E991364D6D797E04833CE771FB5D98623
zzTouch.sh.CMD,\scripts\GW,8379E85E,49ACA50D7A82C7756B1BAC6B6178FAFE,8E1E1B30FC85B57AA641A90E3F41B8A31E25BF0B,6E878FB4A5A0F3987CDA10C5029A79904427D4077F9A94B87F66CDA0D46E9AEA
check_status_checkpoint_services.v04.26.00.sh,\scripts\Health_Check,1C8F2A7B,C9FB40039BB6802D2ED18B5894018F9B,941F231C4A60FEF7D15B6700E3E2C3FA566942EE,E53FE96271C90AB92D50EEF989AA51E6F8165150DCD57FC96AB8FC6212C25869
Health Check Tool - v 7.09 - 2020-02-11.print.pdf,\scripts\Health_Check,A7A078C5,F7BF05DFFD5C9C2698584867D09AC6A3,508455B382D21412AAC3FF8BF9E965A723647F98,05DF3C2ED44987465A229D2FEB5B410DDFFFBF56EB6CB93DA869E54E3C9491BE
healthcheck.sh,\scripts\Health_Check,024C5C00,93D1F9C2529255CA7B9139AA251629F7,A4754E243A2CDA7DA229CB66EA4BD7A5C419C148,3B2A57408787E214DEEAA2DCD088A01C927E3B836FDCD6870BDF53916DF2B882
healthcheck.v07.09.sh,\scripts\Health_Check,024C5C00,93D1F9C2529255CA7B9139AA251629F7,A4754E243A2CDA7DA229CB66EA4BD7A5C419C148,3B2A57408787E214DEEAA2DCD088A01C927E3B836FDCD6870BDF53916DF2B882
healthcheck_download_v07.09.2020-02-11.txt,\scripts\Health_Check,F162BAF3,7B97678C081FC096B3A9B83865208FD3,A907776C621389D02C8F08FADE2990D03FD77748,B46B51982B94004008367A683DFD92390B01066F9ECB5FDDC56159C95DBF2D73
run_healthcheck_to_dump_dtg.v04.26.00.sh,\scripts\Health_Check,4AF3C346,A73222A41D7BD4B6E1D615E8053F4763,8F12F98F0F1A4D99D93A37539D061F70C32CF255,B4DCDAAA66DA09A0DEB3A8F87DE2E81C4A642D837A07B733090367E455B9B780
zzTouch.sh.CMD,\scripts\Health_Check,F6634FA2,7DA9BB774B15A709E32120B11D489FED,992F04CC47D50C13BACFE0A36523D97999041606,83F435AF2DE4E9D77EF3CEFDD0EE7703D40B14F0459C81AF1B49E07AEC46B773
backup_mds_ugex.v04.26.00.sh,\scripts\MDM,B6AEA92B,0AD834CFD1A6E7387D1C8154CC5DD1FF,E43F8B425452F222FE9E1DB7945505F12E15917E,BFEE9C92A38FD79FA1DD0E8933D1C65D92A7FA49B0AE3956CE198541DAC3510D
backup_mds_w_logs_ugex.v04.26.00.sh,\scripts\MDM,905BA420,790DC3A47790609FE2D8775B3047538D,9924BBB27C57EFEAE0BF20017C91BAE461280ED4,8E9A5075E6EF2156CD9E395B13BB89DA5618E8F6D732A4E71EB378037C5D692A
report_mdsstat.v04.26.00.sh,\scripts\MDM,4D9FB541,BCDBC4EE36644FC0B577968B3DE01E10,D47402FC2DB68A36EC835F658216F8A22144FA11,3725904E9A1A31026B6843D55E9AA0D64B2D2296529EE356EA851B841421ABCE
show_all_domains_in_array.v04.26.00.sh,\scripts\MDM,2239950F,F040CD1617A5F7FE33D41187A74DE184,360681ABCB8491C0CD142E5B82CBC8D486F8DBBD,8CEF75B1AE84ACE1A05341B28BF4DF40D5B9077507C2310053DBE21954F2B7E3
watch_mdsstat.v04.26.00.sh,\scripts\MDM,9684091,45FFFDB5DD2D804EBF192832B327C48F,D0013BA629278872CEBCDC96526FA09F9E0ACD21,3BA73F0113EA7D2DE1884BEE975ADD72621D6B3E817FD196FBCD40474B9A5BB9
zzTouch.sh.CMD,\scripts\MDM,8379E85E,49ACA50D7A82C7756B1BAC6B6178FAFE,8E1E1B30FC85B57AA641A90E3F41B8A31E25BF0B,6E878FB4A5A0F3987CDA10C5029A79904427D4077F9A94B87F66CDA0D46E9AEA
identify_self_referencing_symbolic_link_files.Lite.sh,\scripts\MGMT,7028AAD7,2358480BE55ED9D5C7B1F1A161C55C1A,7C126171404AD06AD85D80F77264FD0143448F68,D7C541F640B512EC22370FE497F8F21BFABF9E32EA387D55AE1C45FD7FBB6F43
identify_self_referencing_symbolic_link_files.Lite.v04.26.00.001.sh,\scripts\MGMT,7028AAD7,2358480BE55ED9D5C7B1F1A161C55C1A,7C126171404AD06AD85D80F77264FD0143448F68,D7C541F640B512EC22370FE497F8F21BFABF9E32EA387D55AE1C45FD7FBB6F43
identify_self_referencing_symbolic_link_files.sh,\scripts\MGMT,17EBB294,67CA206FA275243576CAAFE9A75B69B1,9B5766A0DC22F3D677D20FFD1F4C7A821D90E581,9F16E47334B613F5A503A854B1F1E40DAB214807944D52DA9F73F659F8A1B3AE
identify_self_referencing_symbolic_link_files.v04.26.00.001.sh,\scripts\MGMT,17EBB294,67CA206FA275243576CAAFE9A75B69B1,9B5766A0DC22F3D677D20FFD1F4C7A821D90E581,9F16E47334B613F5A503A854B1F1E40DAB214807944D52DA9F73F659F8A1B3AE
identify_self_referencing_symbolic_link_files.v04.tgz,\scripts\MGMT,117F9AF3,7026A117F5D3B499335DDAC49FC94AB6,C356A8AE72D60687F5EF5573D84DE2381EC6CC52,1020C586B6982B9087E9A9423C5F9B3FB680C4A2FBF1BAB029FF9E4A50499541
show_unpublished_locked_objects.v00.00.00.sh,\scripts\MGMT,0BA96171,484E7B2AF44673064DCD56B886D76828,7C23F7D11F5E694A66F32ED4C8D8C6EC48E8DB4B,FC4EC9F0BC01552F586A1C55B3F9B07BF5FBB0FC6C2B500073D3B64DE7D80D69
zzTouch.sh.CMD,\scripts\MGMT,8379E85E,49ACA50D7A82C7756B1BAC6B6178FAFE,8E1E1B30FC85B57AA641A90E3F41B8A31E25BF0B,6E878FB4A5A0F3987CDA10C5029A79904427D4077F9A94B87F66CDA0D46E9AEA
identify_self_referencing_symbolic_link_files.help,\scripts\MGMT\help.v04.26.00,B0A29AAD,C95FDD868C03810099ABD68F75E9C593,332E9E65100F2F2C9F6DDEA8549BAC4E52DA67CB,6F0E93433ECB9AB371116F0B6DC6E8F4C9A0D87A4A79B418115CED21DC494C97
zzTouch.sh.CMD,\scripts\MGMT\help.v04.26.00,8379E85E,49ACA50D7A82C7756B1BAC6B6178FAFE,8E1E1B30FC85B57AA641A90E3F41B8A31E25BF0B,6E878FB4A5A0F3987CDA10C5029A79904427D4077F9A94B87F66CDA0D46E9AEA
fix_gaia_webui_login_dot_js.sh,\scripts\Patch_HotFix,5507DC6B,24375B84931AA791437552DEEE017B39,66B378F3B9935CE9BDC593D0FD8BB64E3C9C519B,278492BD01E511FE862994066A9F10C130E9DE5DD6F082AE810147A57322EE3C
fix_gaia_webui_login_dot_js.v04.26.00.001.sh,\scripts\Patch_HotFix,5507DC6B,24375B84931AA791437552DEEE017B39,66B378F3B9935CE9BDC593D0FD8BB64E3C9C519B,278492BD01E511FE862994066A9F10C130E9DE5DD6F082AE810147A57322EE3C
fix_gaia_webui_login_dot_js_generic.sh,\scripts\Patch_HotFix,6E641507,770616533CD1745455F76DD19320948C,6BB7F18C74AD463DEE8C7CB3DCDE889BD7BB8DBE,33BD5ADB5B1DE9C9DAEBB94BBB0B01ECC1610BE1C4F33D2665FAED1B131E7227
fix_gaia_webui_login_dot_js_generic.v04.26.00.001.sh,\scripts\Patch_HotFix,6E641507,770616533CD1745455F76DD19320948C,6BB7F18C74AD463DEE8C7CB3DCDE889BD7BB8DBE,33BD5ADB5B1DE9C9DAEBB94BBB0B01ECC1610BE1C4F33D2665FAED1B131E7227
zzTouch.sh.CMD,\scripts\Patch_HotFix,8379E85E,49ACA50D7A82C7756B1BAC6B6178FAFE,8E1E1B30FC85B57AA641A90E3F41B8A31E25BF0B,6E878FB4A5A0F3987CDA10C5029A79904427D4077F9A94B87F66CDA0D46E9AEA
remove_zerolocks_sessions.v04.00.00.sh,\scripts\Session_Cleanup,2F598317,E19089E15ADAE1B8CEA62848510F259D,E919470B3AD324274ADAE551F1FE51801489698E,229348B2E323B4D521CF0C31A81BD07CDBD35D343D815128CE4119E77BF4F5ED
remove_zerolocks_web_api_sessions.v04.00.00.sh,\scripts\Session_Cleanup,E424D180,6C5315C459E8CD8BD069D76CD8D815DC,890FEDFAAF245EADDF5C9A72E63E544A090A11A6,F2580AEB1CEEDED9F81A5D8545A2CC8C912DFE632BC4D433A143A14421BF1F7C
Session_Cleanup_version_v00x40x00.version,\scripts\Session_Cleanup,F28B6CF8,9BE3A6FA7524BDAF10331852FB59A966,DF0C1EE998EBC04C566F37BF39E322463964D23B,F0006346BC2F0461B4D25F0BD981E16E3B73EFE6DAD79ED14C7BE6F8CEACE2B2
show_zerolocks_sessions.v04.00.00.sh,\scripts\Session_Cleanup,1188E7EB,3B19A46EDDDF1FBEEAD9FBD0EE2E315D,CB8CB2415E5296348BD7319DE37B42A0ED99E313,771F4ED6B66614D27D1DA7ADA3BCB28085740B26993AB64B3067102A2F58D125
show_zerolocks_web_api_sessions.v04.00.00.sh,\scripts\Session_Cleanup,7D9DAE77,8053064588D607DB44475C8AE1AEC519,A5DCC6FD32F1D6E2FA0CA17EB21683CC7A769B24,97BA7F58CF3A4B5D77B99D6E067E808FED876BCBEEE260C31DE91511E220FAC3
zzTouch.sh.CMD,\scripts\Session_Cleanup,7DB0C7B0,D9012983D434F81E7441031DA4EEA833,B65768C10B27E5DCC266F56789C7614AC885C812,451917419ABC344ABFF2CECD79F1E66671281AC563734D371C407320D919A28F
api_mgmt_cli_shell_template_common_action_handler.template.action.common.006.v00.40.00.sh,\scripts\Session_Cleanup\common,24D3E6C8,569AD75E809A141DE0BDA2B4793819D0,FD29227DF31355D7447420FD08DA07B45E9ECE9D,41EB4BE3770217A05C05D86EA0CF0F002140BA0A07457A3032A076E9FAF9A18F
cmd_line_parameters_handler.action.common.006.v00.40.00.sh,\scripts\Session_Cleanup\common,3E2B88C6,6E9025B5F8832738CAF5D8E595112E7A,1C48324411B49929678820ECB050E95847306B99,551FF7C6347A6C503A2D7068425EEAA8B2FCF6E9F9C1258AEE1F8E1F7B9425FF
common_version_v00x40x00.version,\scripts\Session_Cleanup\common,8AB33C81,3060E485DD959C8BA8F16277A8EE11B1,7CAD7A785B468D0493127384D4602A6D2DBBF7A0,DB19B94B34C6525604399F93D1C675F23D5C565EB3609D7C8FDFA4D01B872635
identify_gaia_and_installation.action.common.006.v00.40.00.sh,\scripts\Session_Cleanup\common,60C38814,CFB8665FE98BEF000492D4B981DFBD69,4518F892A9F6E8A6E3E6FDCE173ED9D56C530D70,9CE223011202B65FAA5644F719150D991E930670CDF914557017AAEB1B3F2AB9
zzTouch.sh.CMD,\scripts\Session_Cleanup\common,7DB0C7B0,D9012983D434F81E7441031DA4EEA833,B65768C10B27E5DCC266F56789C7614AC885C812,451917419ABC344ABFF2CECD79F1E66671281AC563734D371C407320D919A28F
code_snippet.cmd_line_parameters_handler.common.006.v00.40.00.sh,\scripts\Session_Cleanup\common\_code_snippets,ECEE3E10,8BAD3C29072EB8301A5B36B22EE1A81F,6281A8D93D2F244905C07DEDB419F0682C4BAE20,BD21ADA3B3D2220A63A06322CF690B17BAEE24F777548BEE9290AEC825352FBD
code_snippet.identify_gaia_and Installation.common.006.v00.40.00.sh,\scripts\Session_Cleanup\common\_code_snippets,7A0C9FA1,8C3F2C7B2C449E058D1A313EA1501B95,D5CC844C504250EB39479F7EB938EFA93C46B96D,03B839D3BA38E117ED6CABA141E40E0A6BA0F140E04DA680BEC13DD29425F5D5
NUKE_ALL_LOGS_AND_INDEXES.v04.26.00.sh,\scripts\SmartEvent,82088166,1C6B9A80EC823A94DCA0D9F273ED4E8D,E92D5DDD0A85950CD496BEDF845A5B2A57F763E8,65A9B327C525E452D15CFFA3D42B6AC32A5A7C86C0724ED81092176C78E3EC89
Reset_SmartLog_Indexing_Back_X_Days.v04.26.00.sh,\scripts\SmartEvent,EA04C7EF,D1ADD5381435AFC3CF98C763DB19F9EC,A27AAA297B9D51A63EADBE666AC3B013E244FBC1,6092269018CF304D1D79755AAF7AFE85512CFACB1423133CFE0DEED10CE9AAAA
SmartEvent_Backup_R8X.v04.26.00.sh,\scripts\SmartEvent,862C1831,CE7DB2D2A5939AF7D35A5E91E79D2CFD,10808A885FF437ED17DD2243568C9DCEBB135D44,89521D330987F4A4A245CA8A88B7120036C69F18E50C6EBB67EA6E7ABF4C32C9
SmartEvent_Restore_R8X.v04.26.00-NR.sh,\scripts\SmartEvent,2AEA6D40,C2B0548A2E123B86BF52A76A4E962E8A,4F9C8AAB245037AB6384CA7C2C02F7DB9A260CD7,A6EB1C5919DEC34F38724558D844F6C52089EA76B7145B8244CE54FCA6D57425
zzTouch.sh.CMD,\scripts\SmartEvent,8379E85E,49ACA50D7A82C7756B1BAC6B6178FAFE,8E1E1B30FC85B57AA641A90E3F41B8A31E25BF0B,6E878FB4A5A0F3987CDA10C5029A79904427D4077F9A94B87F66CDA0D46E9AEA
fix_api_memory.v04.26.00.sh,\scripts\SMS,667130BA,7D2915CD1A9C5D3D5319589AF544082F,E6993DF4E93A4830A34419026F0470B07A0076F7,70CC8C1AA4412FDD66CBB4573B61B156297DDD0B4EECF585DC083AD1E3CE5990
report_cpwd_admin_list.v04.26.00.sh,\scripts\SMS,A29B8D6F,FC404AA966BA384D9A11A69FC3A549C6,AD7F05A890BC35089B9F1AEE4946CB43569A48DA,59730FA10106DE76587A0AD2B930A65F1367B48CB120F7534D1A4E01D6B5BC38
reset_hit_count_on_R80_SMS_commands.001.v00.01.00.sh,\scripts\SMS,FE81836D,3BACE6F862DBC28A4FE0CB34F257403B,204657DD2994A2C291206B6F7E0B748FF1F24B1A,731235884438204CF90A8312E5378C14F89545F9B4E21C99F2E8FD6460C97991
restart_mgmt.v04.26.00.sh,\scripts\SMS,C6A15E5C,18AA05E11867DC5DB705058F4C1516E2,8EFA65BDB624A787F33EFD9BD7B869245E79F603,02C9578AE7B976BE211D09A562A7F8B518ADE335F043F487D627A26F78F85AD9
watch_cpwd_admin_list.v04.26.00.sh,\scripts\SMS,A8E2FA50,73B6A5D90EDAF3A97B882B918780E716,FCC24785441DB7B3FE483E5D703A69A68D285465,1638A95B3F6B9F6538B44CCD347CA93CF9A9A6CF5D4B0F9D951646D5312358A9
zzTouch.sh.CMD,\scripts\SMS,F6634FA2,7DA9BB774B15A709E32120B11D489FED,992F04CC47D50C13BACFE0A36523D97999041606,83F435AF2DE4E9D77EF3CEFDD0EE7703D40B14F0459C81AF1B49E07AEC46B773
migrate_export_epm_ugex.v04.26.00.sh,\scripts\SMS.migrate_backup,8614BDB5,E909DB83AA675D4FC7BCDCCB76170882,2C558E02D5D30A216451D52F591D17AB0444ADB1,AD37338B5D39B85FAFB931446FE85BC3F0A826771047C87361B89D2FDC947DAB
migrate_export_npm_ugex.v04.26.00.sh,\scripts\SMS.migrate_backup,4828AE76,868CCBB7AF623949A8046DB0054FCCCC,75C928E5FA5646468295E410E34535F572CD6F44,2FD30BCF93EE90FC8B37DA166BE51FCD59F670338E4B119B6081AF1B69A4D67E
migrate_export_w_logs_epm_ugex.v04.26.00.sh,\scripts\SMS.migrate_backup,F14B0324,7E3C3AEA0C86601CFAF6E3A133BDF59E,3BEB539099B4102EC4207E05C5704208E3F7C6AE,F6C66A34E115AF4FB3090766A26FAD1EDA8552B9A8A55254E8057EDB77B75958
migrate_export_w_logs_npm_ugex.v04.26.00.sh,\scripts\SMS.migrate_backup,6CFB064F,6A15F25C77AE6A53EE2A9CF0A21CA4C3,ADE1AD177318AC98961D7731339498716D971791,B9F8094EF8F60AA2C54EBA63E087B2C3E90958A771509F9072A6BBA12BD8C18A
migrate_server_export_epm_ugex.v04.26.00.sh,\scripts\SMS.migrate_backup,33DBAC2A,B84AE06B108ACF138C15584B3DCF81FE,D24A01A502970DE5F84E9BAB68DF2F21387F6088,4AE37F2C881140F46A39D159FA69613452DAC068C6FAB04E4519C186B02C41C3
migrate_server_export_npm_ugex.v04.26.00.sh,\scripts\SMS.migrate_backup,D8855BA3,511726E63DD3462BB0BED94E7D36D029,F05849077EC6C540A66C7D990A35A4265422E1FB,CFB94D04829A2E259E534AD2AA0DC74E0FFCE200A5642AA7234AE51BC555C84E
migrate_server_export_w_logs_epm_ugex.v04.26.00.sh,\scripts\SMS.migrate_backup,91A925B7,0E5DF97BAD022F87E31A5AEF7845FD39,7C43E27505E21667F6F161CF88C626218178C38B,C05FC4099F0CF7836668E7359BE1E9345920B372A77A34C2D8CAD8620B171E83
migrate_server_export_w_logs_npm_ugex.v04.26.00.sh,\scripts\SMS.migrate_backup,E8C1F839,6E7C7CDDE2F83F9E55E5B9E2CF30A921,B7E6C2DFD861CCE50EE94D0CEF00A0FA30B61455,F96753738C51BC893E17911F6699377A740212933F880065B60E6FA5F585DC8F
zzTouch.sh.CMD,\scripts\SMS.migrate_backup,F6634FA2,7DA9BB774B15A709E32120B11D489FED,992F04CC47D50C13BACFE0A36523D97999041606,83F435AF2DE4E9D77EF3CEFDD0EE7703D40B14F0459C81AF1B49E07AEC46B773
migrate_export_epm_ugex.help,\scripts\SMS.migrate_backup\help.v04.26.00,9D14F227,12FBB208F0277FA9086C2E9CF7CF21C3,696DABA8A4FC17C693BDA8446F224CFB570A74EC,C603C6BA54069E0A49CF21BE909ECB180E59751AFEEB7515B64083240A421400
migrate_export_npm_ugex.help,\scripts\SMS.migrate_backup\help.v04.26.00,9D14F227,12FBB208F0277FA9086C2E9CF7CF21C3,696DABA8A4FC17C693BDA8446F224CFB570A74EC,C603C6BA54069E0A49CF21BE909ECB180E59751AFEEB7515B64083240A421400
migrate_export_w_logs_epm_ugex.help,\scripts\SMS.migrate_backup\help.v04.26.00,9D14F227,12FBB208F0277FA9086C2E9CF7CF21C3,696DABA8A4FC17C693BDA8446F224CFB570A74EC,C603C6BA54069E0A49CF21BE909ECB180E59751AFEEB7515B64083240A421400
migrate_export_w_logs_npm_ugex.help,\scripts\SMS.migrate_backup\help.v04.26.00,9D14F227,12FBB208F0277FA9086C2E9CF7CF21C3,696DABA8A4FC17C693BDA8446F224CFB570A74EC,C603C6BA54069E0A49CF21BE909ECB180E59751AFEEB7515B64083240A421400
migrate_server_export_epm_ugex.help,\scripts\SMS.migrate_backup\help.v04.26.00,D59D99DC,27DF57179663C248853C356CEDBC8AD7,AD8D013AD7A54CBEB5129C181B8BFF7E29D43BC3,8C050EC18B06FD38F28843E6938170EF59D113EDF2CAF64E9F7405E573535600
migrate_server_export_npm_ugex.help,\scripts\SMS.migrate_backup\help.v04.26.00,D59D99DC,27DF57179663C248853C356CEDBC8AD7,AD8D013AD7A54CBEB5129C181B8BFF7E29D43BC3,8C050EC18B06FD38F28843E6938170EF59D113EDF2CAF64E9F7405E573535600
migrate_server_export_w_logs_epm_ugex.help,\scripts\SMS.migrate_backup\help.v04.26.00,D59D99DC,27DF57179663C248853C356CEDBC8AD7,AD8D013AD7A54CBEB5129C181B8BFF7E29D43BC3,8C050EC18B06FD38F28843E6938170EF59D113EDF2CAF64E9F7405E573535600
migrate_server_export_w_logs_npm_ugex.help,\scripts\SMS.migrate_backup\help.v04.26.00,D59D99DC,27DF57179663C248853C356CEDBC8AD7,AD8D013AD7A54CBEB5129C181B8BFF7E29D43BC3,8C050EC18B06FD38F28843E6938170EF59D113EDF2CAF64E9F7405E573535600
zzTouch.sh.CMD,\scripts\SMS.migrate_backup\help.v04.26.00,8379E85E,49ACA50D7A82C7756B1BAC6B6178FAFE,8E1E1B30FC85B57AA641A90E3F41B8A31E25BF0B,6E878FB4A5A0F3987CDA10C5029A79904427D4077F9A94B87F66CDA0D46E9AEA
add_alias_commands.all.v04.26.00.sh,\scripts\UserConfig,18386E2B,45725DB36377A1572FC517DCE81851BB,4655E06E3669A48812676E0C597F3C1703B808B9,BFF6DDB2E4D7FD05799BC33C9CFA7DD357619576FC1037206F6B7F49D963F1E3
add_alias_commands_all_users.all.v04.26.00.sh,\scripts\UserConfig,31606927,320259CC1A686BA8E7F374900B5E02AA,3DE467ABEA4A3FF8540AD55C187677E8ED19773D,5785600C92B90BD7C6FF71CEFF9B56682163D9530D202885EC1964D71D03C5FF
update_alias_commands.all.v04.26.00.sh,\scripts\UserConfig,01C64B1B,ADFE8718448F4C99DAD364AF13345225,3FF440F9AC61070B9C15AD8A5E4FDD99B4EC67E9,DFA814B0703DEC809C05C0EACD36ECEB455166A78C01AAB8AD988CD95B8B38CD
update_alias_commands_all_users.all.v04.26.00.sh,\scripts\UserConfig,305933C9,552AC1AEDC6B18975FC7A6118695F857,9031B7123E8C0D84C79550AB95C863F0C744FF7F,5AB125F8C892CB8430886F73CD30E47D3294A5A0891B601558DD2AD582161E1F
zzTouch.sh.CMD,\scripts\UserConfig,8379E85E,49ACA50D7A82C7756B1BAC6B6178FAFE,8E1E1B30FC85B57AA641A90E3F41B8A31E25BF0B,6E878FB4A5A0F3987CDA10C5029A79904427D4077F9A94B87F66CDA0D46E9AEA
cmd_line_parameters_handler.sub-script.006.v04.07.00.sh,\scripts\_sub-scripts,906262DB,4A260A695850850A23A247EA517B5163,BBD42EC6F1210C30EB0FF534C10F60FBCA668323,5FDCFB9648F8C6766E7CFC3E48927AC067AAC316B96B2B047948EC4A1FA463AF
gaia_version_installation_type.sub-script.006.v04.07.00.sh,\scripts\_sub-scripts,87031FA0,22E600295EAD77167A069B8A3F2AC2ED,3769100A24AF5507AEB9C045F5FFE3AD813A8688,7E00C3C4C2285683B9033746081742B24BE941B22788E746D1E56A79BF173CC7
script_output_paths_and_folders.sub-script.006.v04.07.00.sh,\scripts\_sub-scripts,CF5D9771,BDC16199BDB5C3B10BBBB836E9059752,D9CD286D761683E3836A2618AF9F7D39E616A607,9E13DB0F98750AA1CB8035AAED15DD77E53BE767907E8075B398671210C6E528
subscripts.2020-03-11-1130CST.v04.07.00.000.template.v04.26.00.version,\scripts\_sub-scripts,1F87C8F3,ECAB38504939A1BF1E616D9BFA15E1FB,AC2EF3113FD068E1255A6C7430E3B21236C38661,7C706407E63C0B84CB77AD1AD84033E8834DB85DCBFF383B92A67B6FA6A6543B
zzTouch.sh.CMD,\scripts\_sub-scripts,8379E85E,49ACA50D7A82C7756B1BAC6B6178FAFE,8E1E1B30FC85B57AA641A90E3F41B8A31E25BF0B,6E878FB4A5A0F3987CDA10C5029A79904427D4077F9A94B87F66CDA0D46E9AEA
_template_sub_scripts.sub-script.006.v04.07.00.sh,\scripts\_sub-scripts,8D10F58B,1C6A18DFB2FFF2E7FB7AC60ED9B7DF56,8C388480CAB2789E1E5977D31A08B0168242722E,2372B990D92062759015676FC1B691EF115BFCCE6B42A80080A339197345452C
zzTouch.sh.CMD,\scripts\_template,8379E85E,49ACA50D7A82C7756B1BAC6B6178FAFE,8E1E1B30FC85B57AA641A90E3F41B8A31E25BF0B,6E878FB4A5A0F3987CDA10C5029A79904427D4077F9A94B87F66CDA0D46E9AEA
_fixes_update_info.TBEx.YYYY-MM-DD-HHmmZZZ.sh,\scripts\_template,E5A2102D,DD3837757584CEEF5CB3A29334497E26,2AD59186F3B441ED5AD1042859BA2B0E722EA7CB,069E418CC09B24771AE0E3ECDBFBA22B079E6CD7AED99845E49750B2C36B67C4
_procedure_strawman.template.sh,\scripts\_template,06BBAD64,B2B4408D7091EA65E63B357296DDEAF0,94EA9E6E37FC4E65E7531A8825640F8EFF169B8D,E6CFA62310492F15016C5CE1A021183EB477FAFFEA03A2B4FC49FDFE700C4292
_templates.2020-03-11-1130CDT.v04.26.00.001.version,\scripts\_template,06E6BBA7,5018734E41E9A19049032D2244B778E7,DC3D8BD36FFB24F9433BBC13A48823623417D646,CFFD7540D19AF90BE33685550C8D59FC1A9C357B671522382D002439B929102B
_template_bash_scripts.006.v04.26.00.000.sh,\scripts\_template,0F6456F8,240E4BDB75E675CF1385B15BF43880CE,2A766D16B4E48B05F2D0A8830EE36B7D948B8C1F,DD6AF7D8E27813E1AB4C6B095647A913F0953439BF8C363B989D6C91968750CD
_template_bash_scripts.tftp_upload.006.v04.26.00.000.sh,\scripts\_template,53FA67E6,0EC80F23A68568A4B704C718DA2F2D31,ABD8A97A9C0FADAD63E457D78677A9C6E941B2C0,F98F926D527B75CBFA0708B3D58639718D7865111D9E40A57359E3F31D326E0C
_template_bash_scripts_light.006.v04.26.00.000.sh,\scripts\_template,996AF6DD,91530C35D6BF43C068F80D7F32576770,62F01C5DEA5FB2BB8C55B7EC905813963C040896,7B25E2C10B5716FF3C2B5D1D36E1AA7F600609C8379492F12DAC6651644E20EE
_template_bash_scripts_light_gaia_version.006.v04.26.00.000.sh,\scripts\_template,A0CB00CF,70C081F933C79F4AC6AAB0CF50A62370,597AC51F4744A7F7C6975524631594F81F4749A0,526EDA8CA5F63224A1483DA7704F38124BC9AF80DE196A52CCFD84FBC4B0B582
_update_info_template.template.sh,\scripts\_template,3354466F,C42D38B9B5129F64BBA22B1B04788D0B,EC0FA0F4052AD95CB99A015F94877FF8203F4BFB,2B732291C5B18F37B0993DCF3AF5D0C6E804722CFD3CC5D38CB7EB230B8B5249
code_snipet.break_filename_into_parts.sh,\scripts\_template\Code_Snipets,999C6F0B,7C50A85273EC06175611E8487CCF0969,B1024494F1291C63D3629B291CE0A32F0B9C384A,A98089BD3A524DC85482F19E96DCD4A59E03460AD8C2622D5B238F4C02AF77BD
code_snipet.collect_domains_into_array.sh,\scripts\_template\Code_Snipets,25C54B3A,9CC620FE667D480DB3E730CCDD3CC964,CDC9F88EF77384F4E6C9F857295DD52E22DAA166,01E6C0212C1FCCA6D7F0F5C703953C1E6C39DB55E883B7507EE450FFD64737F4
code_snipet.collect_files_into_array.sh,\scripts\_template\Code_Snipets,EF72D307,A4F79B6C0CA99957F48188ED23A4C127,31A3C3995E96440582A93FC033E759EB50F1DDA9,D68E73BB904157699E96C7ABA6DDDC6085787B47B38544DA9899E1F2A5E6FB89
code_snipet.collect_interfaces_into_array.sh,\scripts\_template\Code_Snipets,C08A80F2,9A56781EC4AD0CAA504BCF4F1CD19B0B,F2055C9CD45B753DA082E6EC76790B8E53B1E8CF,5314F9E7DDD892820EF4DD5E277732E26BF6F5AE15CFC178C920E2D3C838E2F4
code_snipet.cpprod_util_tests.sh,\scripts\_template\Code_Snipets,99248277,596AF2323B12E306AE6C8E1BD613149A,9C43B0DDB3B71567CF64B2E1CE28151B63AE3D7A,456E9F01D15AFD6941DFA92A66BFC7BEBD49695F72D328ADB8A61B04016AB470
code_snipet.gaia_platform_version_python_using_bash.sh,\scripts\_template\Code_Snipets,AEE4ADD8,C88A8E10F29618DC45D2F5F8A4C13103,57D070533DE385C77B59978049867EC929A39717,92574A2145841783BADFA5F9011C477A32249B07E6F617B1DA7A408C7A75757A
code_snipet.gaia_version_type_check.sh,\scripts\_template\Code_Snipets,5AD7D160,FE85AAE19B13C43F926942216697FC61,DFE3E1FDDF42540D40471F411A2745FE2D993871,435B70FDD8E85B05032667DDAE0E0E27F7F92BEA30EA262089287A6082E50BA2
code_snipet.gaia_web_ssl-port_python_using_bash.sh,\scripts\_template\Code_Snipets,2C64C07A,D50F46F1CCABDC3F7F8F79C2791333DD,5230062A6D5779978DF3F05393B3660D9C58BE39,06B10190EB02C5E270604CB8670EFEFB4D8E5C4FF183CA6CAC96C908E408B76C
code_snipet.read_file_line_by_line_and_process_each_line.sh,\scripts\_template\Code_Snipets,608FD1CF,E0C5137E1DF744B4407A6B08BF4862CD,29C99292842E4142FC305E57152262AA5FBEC61B,DD538EF0748C2A2B54F7650C5D58838F2772CD01AA314D0E43A28CF145E914A0
code_snipet.read_file_line_by_line_and_process_each_line_into_an_array.sh,\scripts\_template\Code_Snipets,28BB40D1,B677438010EF38776AE0F9BB9B915A47,F28A878F443976D4BD691EEE2A04BA70FBD8A920,7748BE7E2A386F3486F7A4818E01177D9128986E083E1FA9CBEAA2DAE08F61B3
zzTouch.sh.CMD,\scripts\_template\Code_Snipets,79F509A7,02D09FAD7D59D84FE1BF6725A93E8D61,64587258D829BDC3E85220E51A5A40188AF76DB3,3404D4EFA9CF10AB61B42B2E2D26C325BC4998DABFF1991F91542498A764B262
AUTHORS,\scripts\_tools\JQ,C9767DE9,0356D345AECB5F17B9BEE0DB9BF2D99A,8E293633701CC3B41D07EE6489215AF01D5B9A45,D0981D56CDFF9EF59CF8225949C352E56090B1AB0FF62B9B54038D146570EA17
COPYING,\scripts\_tools\JQ,42D7AD9B,15D03E360FA7399F76D5A4359FC72CBF,127289C8BB17EC76D9374C0D17EA2F85B79DD340,111136AEBCBFA68B6B0084E582B30E981DA76ADCFF84EAB6F9BE32A1F38C5BF1
jq-linux32,\scripts\_tools\JQ,EC1BBBFC,B0593FD7434A6128F6D09D6345946665,5A640906D3BD6FF08298E6CA8FB39509F880871B,319AF6123AACCB174F768A1A89FB586D471E891BA217FE518F81EF05AF51EDD9
jq-linux64,\scripts\_tools\JQ,3ACB632A,1FFFDE9F3C7944F063265E9A5E67AE4F,056BA5D6BBC617C29D37158CE11FD5A443093949,AF986793A515D500AB2D35F8D2AECD656E764504B789B66D7E1A0B727A124C44
sha256sum.txt,\scripts\_tools\JQ,9906C732,DDA816A2B811DA90122C8EAEC7FC7947,2097D7923269304C650D11C4AB207B4F4A82E5AD,13ABE32377C17F6B7AFC450C77CE92A9B2E5330A974B118881CC8C667166B45A
