Generated by MD5 & SHA Checksum Utility 2.1 Pro,,,,
Website: http://raylin.wordpress.com/downloads/md5-sha-1-checksum-utility,,,,
File Name,Folder Path,MD5,SHA-1,SHA-256
generate_script_links.v05.32.00.sh,\,18E0AD4915A4B843195DA54D9920CF50,DD90E058CD6F17703255B34D4AFABFEE2FE32997,4A4673284EFAB41A4ADC7ED87ACEC53C3B36396C1EF384AF6E1008EC51B78310
README.md,\,56C6423DDF7214FD17EC26AE64AB08CF,84F5B3E57998AD2C5B233FD39435FB3481DF5865,C02755DDAB10D2AE10C88AEA2CD1B75D71DF53253E3D9900B88F5B2F7B848D33
remove_script_links.v05.32.00.sh,\,936A9E08F6029C4915D714CEB97D63AC,1F9C57B319256334066E2FE8D03CF80D167BFB0D,F4B108A39FFD53DA6A734E25F12FA447D54AC88C18827BE26E2492B34CB4DCB5
scripts.2022-12-09-1200CST.v05.32.00.000.version,\,C1FFA8BDEDFDD078D8648D2C2616DCF7,B575C1CC831BC8B3D0CDBEA04F819AE328E697C8,EABEF7A11552D98FE209290F6568487A1B3F17E31B299672D9C49D45C8B45F05
solution_info.json,\,040078CD9B7B04DCE4E793C438A202D7,1C81A3F157A2E948F1DD9902C2921DEFD0AD7BF8,28B4176A1CDCFFFDA65D5BCEED589B23C0223F53F6144D8CF349FA5D5D161B0A
solution_info.v05.32.00.json,\,A69F98AC1D2C86139BCB3283D9CA99B8,5706B18B61D580CD4382FE072426AA54801ED2AE,C88DD740380AC0716FBBE8501F738B3A2B4A4C9265B4FAC04C0B6A35F16B100C
__root_script_config.sh,\,F55EB1C3F6055B9CE9EAFADFDE8B7D85,90E15D708A78AA88B102C90496494B5AAB451186,B2990351C59CC96282A322543B15FE84CD2B6C17B88ACDDA1FCAFA7ABE62606D
__root_script_config.v05.32.00.sh,\,F55EB1C3F6055B9CE9EAFADFDE8B7D85,90E15D708A78AA88B102C90496494B5AAB451186,B2990351C59CC96282A322543B15FE84CD2B6C17B88ACDDA1FCAFA7ABE62606D
alias_commands.add.all.sh,\alias_commands,61F4848288C00D8BDBCFEAEA8DCF750A,A8552EB800C4EF96017E28009784CB80294C1900,85081C4ECAADB3C057BE6667DE941FF54A34E103326D0E98A044E93C79B34FCD
alias_commands.add.all.v05.32.00.000.sh,\alias_commands,61F4848288C00D8BDBCFEAEA8DCF750A,A8552EB800C4EF96017E28009784CB80294C1900,85081C4ECAADB3C057BE6667DE941FF54A34E103326D0E98A044E93C79B34FCD
alias_commands_for_dot_bashrc.sh,\alias_commands,ED9B5B6071C77EBBDA6816655BC393BB,0C3D79869C3ABCA591742728083B9B9A63DE6306,B353D3F9EB5AED1A0BE07A47BE01FDBEA44BDDD2E680B9B58178C6ACFA0BC3E3
alias_commands_for_dot_bashrc.v05.32.00.000.sh,\alias_commands,ED9B5B6071C77EBBDA6816655BC393BB,0C3D79869C3ABCA591742728083B9B9A63DE6306,B353D3F9EB5AED1A0BE07A47BE01FDBEA44BDDD2E680B9B58178C6ACFA0BC3E3
private_config.add.sh,\alias_commands,DA7F942A872AB125B7160E71ACB5BF8C,5D47C0204336E99BE2E34F1E46696D20197BCC38,267880776DF3F63A26A4092EBDFF25BB2D93748A6EB4A2FFE392CD60DCB31EB0
private_config.add.v05.32.00.000.sh,\alias_commands,DA7F942A872AB125B7160E71ACB5BF8C,5D47C0204336E99BE2E34F1E46696D20197BCC38,267880776DF3F63A26A4092EBDFF25BB2D93748A6EB4A2FFE392CD60DCB31EB0
determine_gaia_version_and_installation_type.v05.32.00.sh,\Common,F619DAAC8AECF85D547AE52DD82E3DC5,E27C16C62A61ACE5F34DA569EC51D83DB47B9E6A,C7DF929C2FDD9F65F14870A4342BBB76836AA8BF52C3D65753408C31FEE22833
do_script_nohup.v05.32.00.sh,\Common,4017D27C0D7B5860965C096F083DBC74,63BF35E1CB4518D56247F54221A368723D933E94,F85C8FB07F91A89D122437D98FA41723BD272C40F31FD44DCB4E6D1DAD2A5EAA
make_local_snapshot_and_backup.v05.32.00.sh,\Common,FE8EDB70867A4990BF5E6634D8744800,6408FE0D2A6CB3F8461F51918D8384838888DACF,C50EFA20FEA77C8B7D9C1E8D4C5C9B8962A27ED9022C8C6D06B33B705D37D6CB
make_snapshot_and_backup_to_ftp_target.v05.32.00.sh,\Common,F94C9A48140A1E303EE266469BE548C1,22E9558BE51D3B035497A73098601D5535846F15,853CC8BCEFC6F111CF35A3A29FF606C98881EC46D53610B1F974D9D3E1976651
target_ftp_host.json,\Common,20BA19A7E7F9B1AC306CE1E3DB71FA21,13490A35F8B238A010166937963A12EAE6107B67,FD6A72EA6DD7DFC096CD4F023187AB0E7A503A90C535D25A7DFA5612B9D6A376
config_capture.v05.32.00.sh,\Config,98DE27E1CEB75FF3F834109ECE3B0606,1820B42E8F83928553B0358E1472384EA63AE185,3BCEFB1AF44677E1DBD295FE447D69AC0602D89E581D467958AD2809D53F4B4A
EPM_config_check.v05.32.00.sh,\Config,50D94FB64AF42AB25BB456E222FEE279,050CE09596F288F28D2D5CA6E24CDC227FB17B4A,5CCD09F8606873F9A679407981850C99503E4881AAB982BE1B1637382B6A5029
show_interface_information.v05.32.00.sh,\Config,C0C2038009E527D43DC1A91B19834226,81E98E17499D57BCB3302E17D7B03EC33DF33D8C,4D980141AA6E306BA537B1F9C7B37E62E18A9E5D20F9D58FE74FF7608C24BE93
test_config.v05.32.00.sh,\Config,339133C9BA22679352351A25547044A2,6F8132326FFAC46ACB48CADD77DE68B944C31057,05DB7953FA2883C7E37A3C4DBD9644B427B5FC488FF3D568B50435AAB2FE4B62
wip.check_if_interface_name_starts_with_bond.2020-05-05.sh,\Config\_research_scripts,F291A95B5D043F322C178583EDE9648B,D2B9D3885258FC60FF6A557E85C7F895B93F1F8F,342735DD9488AEC5837C0E7258E7D41BBC13AF7A4F82C8721F27EA426E8BE02B
wip.identify_JHF_with_cpprod_util.raw.sh,\Config\_research_scripts,AC972306B6971FC190A3BCD3BA9C5EE1,859BC1152CFEF4FF43D1C5545F1B6B7D456D643E,A7799A2B054EB61CBB9739FC62565EFB7904B03FBB006D00E4260B1765856FCB
wip.identify_self_referencing_symbolic_links.2020-02-06.sh,\Config\_research_scripts,80B6AA270E986855B2FC2D3D276B61E4,30B62A59048465360B398E33477F83D9326AF969,E882D3F4EF4DDECBEA284F0C22E3CBF3C4917D9C62221B92776CE3C73B8FCB8A
update_gaia_dynamic_cli.v05.32.00.sh,\GAIA,02CC659E563A64D356929810372F6CD6,2356898E2AE4E5017E39A508904F731EE4CFADC9,248834B206DE2C3F44E7ECD88DB6ACCC290209A87AF69E31277744DB1123B0C0
update_gaia_rest_api.v05.32.00.sh,\GAIA,5C59786826BF501E4324CEEC2C63C2B2,80DF2514DED1F9ABA377F686ECAD9A6FD4A82858,83D66424350EF247871460BEF0E19667C63599F0032E48565CE17670818B6D74
config_gw_TLS_ECDHE_ECDSA.v05.32.00.sh,\GW,F439138FDA323410EC9715D328091C5E,026970CD477C6DF9A72718CD6621B25E5098BA26,15330583FBEACCED18886E06EBFB18495A27342C5065E952146BDECF736F08F5
enable_rad_admin_stats.v05.32.00.sh,\GW,0E37336B5987E45556C8115BC7E4E66C,75EE3A516D54782F899A8AFC1D540E5C30916CF6,8036E23FEAB7234652E121D2804A71FD0EA186E9BF5CCF3BCE5EAE18E1F06CB2
fix_gw_missing_updatable_objects.v05.32.00.sh,\GW,5C800624634665448FFA854DD1434570,8D216795E5E723EE00F5B30533790DD733FCDB8B,DE3123E3DDE3AADE36204351C03079C58C84F7E98143D70ECFCD0EA589C58568
reset_hit_count_with_backup.v05.32.00.sh,\GW,159F6441641069BABFA9B4397B5F1F2A,ACFABF099C0A46D9EDBEFABFF8B99CC0B3D3363C,19CC350F7A12C9C1F5AC720BE4FED71944C34ADE602132991FDC1E53F8A6493D
set_informative_logging_implied_rules_on_R8x.v05.32.00.sh,\GW,4895754B7F299CF905E7C4ED8851160C,CFD55CB5A66011865147B99787FED06F53144DE9,3F4C28F52B3771A1699FFA5B1DCE4FC370630654E9038B304BD46DC23548178C
show_clusterXL_information.v05.32.00.sh,\GW,C7FF7B07F2392FA0D9A23580A816BFF3,1393076F67F18B5C0BC8CF46E2E7DD72F6BCEBB9,4A39C42689CC82C72F13FD3B44370092572BD150D6D2A4F1A365221C872F8002
vpn_client_operational_info.standalone.v05.32.00.sh,\GW,73414E059BAA278B36EFC39E2802B808,593018CC184127D7DDA4CE6DBEF574A6AA48702F,F4A6D1FF1E467E87D3018749EB39FCAA3F0B74197AF1B73E358D31B7039DC82E
vpn_client_operational_info.v05.32.00.sh,\GW,F3170A705787160ED3F93AA7524A8857,2DEC47F1661B4BBE89641540CFFB78BE16BD874E,B883E6ED993EA58234F057B095D40FAAFDCEE0803A3C8CCE69A583B8034742D6
watch_accel_stats.v05.32.00.sh,\GW,0F45755D518D32F9234022EB98D1C8E1,A23774FD69CB0E827C496BD675B4BF08FE78DBA7,90C3171CE7BBE41901597E3F6D0F3143411B3951C908CD27DE2D345536AA509A
watch_cluster_status.v05.32.00.sh,\GW,225A807CA59515F6962BCEA3D3861F66,22123933D8529FCB7BFE820A9C8F3D675FC0F345,958044E8540CAFE5163A3C15E03092F3749880A04ED9131F7B03432299903650
hcp_offline_info.json,\HCP,B01F924716BC6F6C4D3CAE09B312542D,0F49BDD0DA5CD460DE58D901CE8C4496704BFAC9,5345630953036D822BEADAB095E14F9DA32C170A41E372F82BE8284C4155ADC3
install_hcp_offline.v05.32.00.sh,\HCP,B4CE559AD13E729550BAE2CE87F68D63,47B42D68AFF80DDB2CB2767EE2D0CAF00DFA7118,E025053D2B24287E5C7AEC898A15BAAF7F390E52BFEF7E7C7038B701912A5AAF
run_hcp_and_copy_files.v05.32.00.sh,\HCP,39C18902B6884805A29BEC6C245CA8DB,D8960A2A48374357FC7A138A3E48D3EF988096EB,3108A0FD40BC08A622980471F68671EF5D7A1C7206BBEDD3395CFD0F5F468624
check_status_checkpoint_services.v05.32.00.sh,\Health_Check,B040571CF08B3072707C6CC0BD8C4A1C,55169770B0012080C0790C86B7DF7E5DD64E87AE,0ACBEF657EAC264AD9842B1C2723C22CC5BF694A1086D8869A7B3EB6810EC7E7
healthcheck.outdated.sh,\Health_Check,1E0ADAE263F41E4E09480810692B33D5,4D44123CDB8F27F74054CA6FE55DF2D232F2A547,7FCDB02D27B3C8A8C98BBE9D5A7D73F36CAF6AA9E3B4559905E6450730EEF7A0
healthcheck.sh,\Health_Check,41299025CC6D1792D8234163B40CB38F,129EE88A7D7D74F510EE074378DE4FAF7E63B3C0,161AE120A6CC0C378B6D87E6CFAF69475B68CF486E69C645065B6E1BA104263B
healthcheck.v07.17.1.sh,\Health_Check,41299025CC6D1792D8234163B40CB38F,129EE88A7D7D74F510EE074378DE4FAF7E63B3C0,161AE120A6CC0C378B6D87E6CFAF69475B68CF486E69C645065B6E1BA104263B
healthcheck.v07.17.sh,\Health_Check,1E0ADAE263F41E4E09480810692B33D5,4D44123CDB8F27F74054CA6FE55DF2D232F2A547,7FCDB02D27B3C8A8C98BBE9D5A7D73F36CAF6AA9E3B4559905E6450730EEF7A0
run_healthcheck_to_dump_dtg.v05.32.00.sh,\Health_Check,A32F27F10FB083A35D454B92EF663981,B9F13DB1B98E83585DB2153B2EA310EBF268E67F,C141049654ACE6F8F74B8690ED2AB69A19F3EA70DE7A86ED2658ACAE537FAAC9
backup_mds_ugex.v05.32.00.sh,\MDM,D43E48FBB42EE9044BBE24628A31FE2A,9EEB57482DAA59B26749E0EC6744D4AA24BA5240,CBB0B942D2B6F97105728F8D6C211DE8FF5C6E909C10E63B11BA60FCDD4C7E8F
backup_mds_w_logs_ugex.v05.32.00.sh,\MDM,DD9AF72FB5AD7FEA2961057B3A710131,D4939A5BE9EA660FB2FD20197E17E014EF7D9528,9489A23723E7601755BC537B9A42B12F8A68B2346ABE9FEDE23E160CFE39ED21
mdsm_mds_reassign_global_assignments.lite.v05.32.00.sh,\MDM,12499FFB3CF75D29E1D7F9F9DD1F4959,4E1B1820A84D4A8616BF4344B406591011932D73,92ADB59B990525B1428F18A18A50062E3218F770DF8D60656D9D400104FCF067
mdsm_mds_reassign_global_assignments.v05.32.00.sh,\MDM,CDAA319A06D6600DE3BA548E85B177F9,C78D863F1AAE7E07089CFA6372462748C17820E2,0556EA26E4BB0079D2F7825A1B8FDB90E51270141E10BFABAF95ED9DBBEB06B7
report_mdsstat.v05.32.00.sh,\MDM,9E77BA535F598A391FA5443C460BCCD8,5DFABEECDB0E94EDA7AE7DDAE2E08631A18BCAEE,07E6982D27C30DB6797AEA16E38D8E4A99EE658939B7172E8E857CEE5993F447
show_all_domains_in_array.v05.32.00.sh,\MDM,FEB3FDE41BBACFF01B796691B3B517B0,AAB93DE68D694AA4A122A38A68E203F36B7C07C3,5616BE0E95277B851DF4072ACE3EA1CA4669418D965CE74885489A8B6CC07697
show_sessions_all_domains.v05.32.00.sh,\MDM,1920A112D03C4AB2E9366BF1EC719F89,BDE2DF818CE0E475CABC1CF8D1E3452D30EAA7A4,DBD3897EC2370E1EC21E9AB2FF1ABA19B0F50275727EAE81D5E2C9FA068DE3FE
watch_mdsstat.v05.32.00.sh,\MDM,ECF43AF751891ADE9D982A8F97DD50F8,C7EACD34548B0F0E38718E5CD94E50FB45A31271,86F9508AB425F8963BAE8C0DEF5E0BF370D74DC03143B93ACA7479A7AF43CAC1
check_status_of_scheduled_ips_updates_on_management.v05.32.00.sh,\MGMT,19A19387B1B6C42031D0EC91D95DE73D,06F2E6CA37CCC7AAB94342C6A1F2489EBB63A7C3,080384EB8FBFF2851813F4D933D68BE2CBAFA03F60EDF85B2186C90D9B3FD169
fix_mgmt_missing_updatable_objects.v05.32.00.sh,\MGMT,7F9175BB0440239508C406C4714989CD,1A9A6DE936D8F21BF81BE43D950F4642EFD1371D,C27F82ED80387A974254DAB8A1705A1683715C7A04B935E372BF21B5E1BC8B22
identify_self_referencing_symbolic_link_files.Lite.v05.32.00.sh,\MGMT,1C5A4B08AD09AB4983F85DEDCCC67A74,4926F91467DA6DEF273F03DE8D1D367754BADC0C,CBE9359583844AFC8B176521800BE7926BF8A5D917696905D9E987898F4888BB
identify_self_referencing_symbolic_link_files.v05.32.00.sh,\MGMT,F970F6C687BE3E9226C09CD680E7D398,634267EAB45C5E3AE1FC90877234A3D05429BB4E,C966C3CE7323B678ABD3AF53C7A29F930C22E025F7BA15563E82F4D405B692F2
show_unpublished_locked_objects.v00.00.00.sh,\MGMT,484E7B2AF44673064DCD56B886D76828,7C23F7D11F5E694A66F32ED4C8D8C6EC48E8DB4B,FC4EC9F0BC01552F586A1C55B3F9B07BF5FBB0FC6C2B500073D3B64DE7D80D69
remove_zerolocks_sessions.v05.60.12.sh,\Session_Cleanup,E3E445CD32501D77B3953EF0E1234D90,8F0B612E4CF86B2E00F82E50122F86C4AC82DD29,E76D300AA9FDD7A175F5075E14B09656AAD439E5F040E6BB8D92B614CCEAEDAE
remove_zerolocks_web_api_sessions.v05.60.12.sh,\Session_Cleanup,02F37AD0F89BEF267F07D550EC4377EC,3F5C56754555DF9E43D35D9861FB53E558CC6CE4,7500C3D9E8839B7C1888861DDB5DDF1E6EABF482FEBBF1405A4F6A7E6F21CD1E
Session_Cleanup_version.v05.60.12.100.template.v00.60.12.100.version,\Session_Cleanup,74935262FA96E857BBF8371722C24A33,CA92B3F25842FC4912738209A68E53332B5CABF7,2D2AB2E2E8B7DD4CB61510FB6FD59F029F5560CA04A30DB2D4FC867A67D45BA6
show_zerolocks_sessions.v05.60.12.sh,\Session_Cleanup,9A6FDEDCE5460DE4A401C9BBB79CA6B6,691ED3A36482B9852FCCF93A77D8F3FFB5369B1C,0A3BF5B163DCF3812F89B8226FED612B15613F56D6CF74F52DF5E7834F2425C1
show_zerolocks_web_api_sessions.v05.60.12.sh,\Session_Cleanup,F36ED48C2A2148151BC565C4BB9D771B,50BE61D35568D7F6FA214D976CB65E56CC720CCC,C3C8EA616B8D9236BDCAE6B4B7BCF21A1C00341159DEF5191F7F27AF75E2E770
LogExporter_Backup_R8X.v05.32.00.sh,\SmartEvent,2B77A748B2CD3E0C594BA0B9A335EABB,39542F4484F42DD91D07BB32A976DCB4619C576C,06E1F2FB7CD9E03141E8DD8BBB82210352831AC39697A2E87C52507C4AC579C6
NUKE_ALL_LOGS_AND_INDEXES.v05.32.00.sh,\SmartEvent,D6BFBE39B7E67847E2B9B4992EC191A9,770F0F05E90CBAA4B415E6AB567504C75397BE7D,61D593396F4D391C9E6E72E6676F1BDAAC37230D8D75352871B2A3720D8E2703
Reset_SmartLog_Indexing_Back_X_Days.v05.32.00.sh,\SmartEvent,9881C7CC603E933A8697B2BA6FF21631,4A9CE87FD1F8538646B8C21B57C172947FA887B4,E10C7CCC8A2A72086BB186DA1F025F9DF96AF090ADD675625D6E000DE31D0ECE
SmartEvent_Backup_R8X.v05.32.00.sh,\SmartEvent,405EA5F9810E32D5FA0EEC8BA8C167BB,7D0453F92570DE9FF598E5E72AD77ED5523B32C7,ADCE3F24302BFBEFABC5CF79B73AE2153599531022FCE2BA40A51F9BE843449B
SmartEvent_Restore_R8X.v05.32.00-NR.sh,\SmartEvent,5CB1521B9CF93F8E1918C94E576FC874,591EDCC62708B291830736253E38EB8C75911C6C,0DFB9989F7D4B6546FD26F73037F170148C0D8FA605FD815015F19C5B4A67A28
fix_api_memory.v05.32.00.sh,\SMS,675765DF18D4165DF2080BD1C935A16E,B6ECD8C5E9AAC6BFF0D17E6D6B125905E4CA8697,0C899183CAF1CF7F9AADBDF8A023205CEE3CCE64C8225F4ADD949D64231E1614
report_cpwd_admin_list.v05.32.00.sh,\SMS,39D54705358BA4497EAB60D374A325FF,A6E41DE84781C69301D725FABF3A1969EB954D5F,C76B483A0BE0C13AE571716210F85F2B01857BE1ADFA7CD7D92A298DD49FF1F9
reset_hit_count_on_R80_SMS_commands.001.v00.01.00.bash,\SMS,3BACE6F862DBC28A4FE0CB34F257403B,204657DD2994A2C291206B6F7E0B748FF1F24B1A,731235884438204CF90A8312E5378C14F89545F9B4E21C99F2E8FD6460C97991
restart_mgmt.v05.32.00.sh,\SMS,FEBDABB6476F8EEB4AEF560DA4C7373C,E63FAC15D82C77A93BB4060FF87AE872C7304AE7,68325D591220CB362637B2E361806F0F6ED935C92E540F13A0AA496A0E0AFEF8
watch_cpwd_admin_list.v05.32.00.sh,\SMS,EA3154D3A50B962C1D9B731E096B0A8D,A98FB5596F8FCBF537B1C89BE7B17EF73CE213D6,D05A6CD1FBBC3288B71A8FF0BFD937A021AF10DAE1A167956EFFA366C905A8BD
migrate_export_epm_ugex.v05.32.00.sh,\SMS.migrate_backup,61AF4F56FFDE3E955D1F5E59347DD352,BAFBDF68CF90C2CECB5473824D83C48498B6C9EA,27C3744F5499AF186FF92E4DE2B2F49C9D62C454EE48A9639C107256BBCB6098
migrate_export_npm_ugex.v05.32.00.sh,\SMS.migrate_backup,7B99CBE548B300C6F79129A340CAA3F2,AB0E95D717669A855566ED2D6C9F2F76EC2086FA,CB249BF14CC6D1D45A0DBF3AEC6B57605A845E8216A1C20EBB4FA7AD1A92EDFD
migrate_export_w_logs_epm_ugex.v05.32.00.sh,\SMS.migrate_backup,B55D23B2BC7BC30ADEC04D05AAA9A342,D980BB718D9E65503C9187380ABFA9FC44D87CF4,4890BF9C58DD9CEB015C1F350E5D556DFA89C09D81A1D6FD58833E3A60FFDF36
migrate_export_w_logs_npm_ugex.v05.32.00.sh,\SMS.migrate_backup,A2A30D46AECECBF13899CD981A987708,15D3D12E18318D3A189E9722D412A9C3E9417395,E9CD6CAE46816473A85B2BDA0B20CDAE25E960FF8D85E6A58EAAA6E9D8F87EF0
migrate_server_export_epm_ugex.v05.32.00.sh,\SMS.migrate_backup,BF3A8B28EE0CA413A3B60076CDC058BB,B2FB998CD517587F28218B1A0D2F1D5572C222B4,C04208977E6097C4EF9525F2F599E7EB319A43C23199C00AE8C236D1C5A5CC24
migrate_server_export_npm_ugex.v05.32.00.sh,\SMS.migrate_backup,FB84F5A8E3D048B8F4FD9B3A77450E7B,6A213ED69AD8D776143E51BD0BD5BD3933E3CBCE,2AB97B0FCD1611C0231AF0C6C0AFE5925D632B9748C0925BCD5678325231AE78
migrate_server_export_w_logs_epm_ugex.v05.32.00.sh,\SMS.migrate_backup,3D29BE57407CD35C67EA7F6073181387,C3DB118E5ED2901EA3A7C4DC06377D88C832F5BB,F1B31690C5759004CCEDCECD15C7190448862E7B6868DA5D7455A529FA9AE749
migrate_server_export_w_logs_npm_ugex.v05.32.00.sh,\SMS.migrate_backup,4B81500ECD3A3E37B9DE92DDE29B0B16,BF9E925240A9CC20AA26935A7755353C13D865FB,1920D44C4E1D67FF04BCAE48C615C954A311099BB0397F39B065A550E1348337
add_alias_commands.all.v05.32.00.sh,\UserConfig,B21F0F6AE1643B2E5607B278344CFA53,51FCEEE53CED02C1950443CEF0E4613B47D0A04A,EBB5FA5158B28C0DDFA8AEFAD074BD29FCCA5E06ABFA8BDDBE299F10C389FE58
add_alias_commands_all_users.all.v05.32.00.sh,\UserConfig,1090556258F0000069CEC33164262A39,34346B5FD58F60E49D845FCE782E84B43D17EE51,88B1604C019573906C04FA4A70E02B14F946DC9D96CC710A0A8CDEA5F2431479
reset_all_users_home_profile_files.v05.32.00.sh,\UserConfig,846C9864040B87DA7F2AC3FE76C0B4B7,500AC61D3B1B1D2369EB4E1E68B743E238A96A6E,9742563090A636D3305E293D081A679C4C43E87C9210BDB1C62664907A034D1F
update_alias_commands.all.v05.32.00.sh,\UserConfig,CF194EC741F15F0FAC6EE7DD85010E5E,98980C3F8CD9B91B13AA545DC70DF547EF76A826,A20A83E25645C14E1402E8C84BCFC492237A353B598EB9465B9AF05BFFAC565B
update_alias_commands_all_users.all.v05.32.00.sh,\UserConfig,63052486355BE84893E59E2671B18F42,A4C5B708AC796940BEF1373DF9C305731B73E06E,11EA945A0C6CB4122B3787B78D3DC27F2A67C54D9BE0C736BAA5A1B533E393E9
api_mgmt_cli_shell_template_common_subscripts_handler.template.subscript.common.010.v00.60.11.sh,\_api_subscripts,CE2B2C7440BD70E0A8F0B0818DD0C17D,F72F78865E61E3F85B811B18E870FBC9568AB4E7,3CD0317F6110BCE94478CFFAE8FE4A0F2C054AD23930ED98C1F65830190DC4FA
api_subscripts_version.010.v00.60.11.version,\_api_subscripts,12F66C947B3049E494C9A08A59324687,CD81D4AAD928D123C9BCFED7FD6ED2AAEFBDB5E2,87EB8E6D8FEEAF1D4511F2FF226A5319095D1340B848DF325E4DB1F128D68B44
basic_script_setup_API_scripts.subscript.common.010.v00.60.11.sh,\_api_subscripts,65E3CFAB34C7D3EE94E28EA5B6224AF0,439670C9AC47D41E1F280687BF2B456058410C6F,82D2EFD804237EBD4C79415681414D79C6FCAF278626635AFA83E578A448DB72
cmd_line_parameters_handler.subscript.common.010.v00.60.11.sh,\_api_subscripts,E2E95BC5CE6747B406EA366941FDD21D,B912D03C1E74144EEB608FA647E90004E65F809A,7A9844EC9B8C8960877FB3EBC1713197734AD143EA726D3C61F270CE5181FD12
identify_gaia_and_installation.subscript.common.010.v00.60.11.sh,\_api_subscripts,CC7735831D065266E99BAFE34610D4F7,75E46C57BAD298780BF8D3DD8F30960D9421AFE8,792487A279121F61F14F75266A2A6448E7B17D47951C314A6BD1E29E0418E1DD
mgmt_cli_api_operations.subscript.common.010.v00.60.11.sh,\_api_subscripts,FE869CF625838E9740B938FDB5E9790E,153282A500BB9D44D0195883F009094F2D35640C,EDD180520026F49640F97DE6ABE1CD91F19976C6A51FD0CFB2C732A6CFDF9229
script_output_paths_and_folders_API_scripts.subscript.common.010.v00.60.11.sh,\_api_subscripts,E52AE3B0C1A7D4C09E03F1AD3BF814E4,EF91FF4CE9E64B4086237CD93C6EF09E3CF45F0C,E73EA12730E3FB59C8E82C18CB5B9D1E5AC6695748B50E454AFB843012BB4042
version.api_subscripts.v00.60.11.000.version,\_api_subscripts,12F66C947B3049E494C9A08A59324687,CD81D4AAD928D123C9BCFED7FD6ED2AAEFBDB5E2,87EB8E6D8FEEAF1D4511F2FF226A5319095D1340B848DF325E4DB1F128D68B44
2021-05-04 Conti PREVENT.zip,\_api_subscripts\_code_snippets,542E4361DB9EDACAE7135ECED73ED850,ADD69DB255A3F0577AC60D340BC57319AD1061CD,F85C5099C0CF86C3CA52E057D82A77778289BAC2F653C099B35999AB1CA6A0FB
code_snippet.basic_script_setup_API_scripts.common.010.v00.60.11.sh,\_api_subscripts\_code_snippets,940B867AA4020E419AE58E4AB3ECABD0,7D813EC60F5FBD0446FAF96432038DB04658903D,0D76A2A11E086BB8C726DB0C99EFD252E4669A7945BFD273CCCE15DCDC5FCC74
code_snippet.cmd_line_parameters_handler.common.010.v00.60.11.sh,\_api_subscripts\_code_snippets,E1AA38F7DA14E5ABDA6537C7021E60E9,0B1705971238352DEB68CD0EE5914AA3883A784F,D23F3AD750BF4DCC22BC28055D3AAD0F26BB043BAA1B942C0373F12EBF4BE4E5
code_snippet.identify_gaia_and Installation.common.010.v00.60.11.sh,\_api_subscripts\_code_snippets,8974695D00DA6944EEC8E054ACEE5FFE,FC142791845A7C3B80A54CCC2E93849598EC0868,F6A2A95F785651651072F848BEF7719C0F7FE0F9958F1A94E9957CE40F8D48C7
code_snippet.mgmt_cli_api_operations.common.010.v00.60.11.sh,\_api_subscripts\_code_snippets,1D80F1C9D2963A2E21CBB2F09CB704F3,911750BAE236A4BA90EBB084FA957E79D5D7E93F,B7776372EAD78D9FCB94EAF5E132C3FDFC052F8ECE43808D19B0CEFDE830C01A
code_snippet.script_output_paths_and_folders_API_scripts.common.010.v00.60.11.sh,\_api_subscripts\_code_snippets,BD7DA631F985C56B50CFFEC27F7F6B3F,1540C166A0942F91A89A4EF8109D3374383C21A7,8D00B6F05D8587A70265D107A13D6EEBDEF23C2CDE2FB1BC554FEF494A2DE0AE
setuphost.v05.32.00.sh,\_hostsetupscripts,5FE9BC8BE97FBCF92687B6C586BD25CB,7749EB8DA7867333808030770E7EFA07601A7F6C,5B4CF7331DC44ADE3788A5161B03D5CF6AD1606DE622D11414239172C2F80369
updatescripts.v05.32.00.sh,\_hostupdatescripts,7AA7D902EBC7A02AC05DA9E835E4D6E8,924BCB8E2245D792446222EBE9F1ACDCB0994812,065C91F9F7B91E4A5F28B27E12C6421CDEB784E1278D42747BC621F041A8BE75
update_tools.v05.32.00.sh,\_hostupdatescripts,3EBC4BB0EF1223223DA6A6D8A3F9833B,8E845F7DDBA20C7810811EFB2C6CCEC879BAFF9C,CCD73B313693725C27656039A677EF6EFA622C437AA741C21A06741378CEB44C
fix_scripts_after_copy.v05.32.00.sh,\_scripting_tools,86080066F494BEBB34067B3B38170148,B0A5666F9121B9DD6F72C77A8EE7854F51C5121B,E26D8592EDD58D6B4B761E2F41541945E4D469D93A29FD3AC503A57A2DDB47EB
touch_all_scripts.v05.32.00.sh,\_scripting_tools,CFF747A79562460BF05752258B397B73,538FDC278A2CA74294135FC4E30E66E64C02A5CE,0705F38FEF8833049F401BD239F2AB76B864B132D67A7AFE6CA6AF14F9E349CF
_additions_and_updates.TBEx.vXX.YY.ZZ.WWW.sh,\_scripting_tools,57AE53B26AC1B0A0B6BDDC954FEFF857,CD35648110456EDE84A27793105AC2F2FB4E485D,B42B2E2A227FED67812D22C8A875062374F2CA9B1E66FCC8AA402938D8ACA977
_fixes_updates_info.TBEx.YYYY-MM-DD-HHmmZZZ.all-in-one.sh,\_scripting_tools,60A795A7EC9FBB2E16E2182FBAAD5AC1,2A8B92705C9DF3F5F19BE93B0ADA7D0137932A61,EA477FF94116560FD012FDE7908458EF397770D71531AEF797227AB38C112446
_fixes_updates_info.TBEx.YYYY-MM-DD-HHmmZZZ.original.sh,\_scripting_tools,3D93123B25F3607B4DA3A942832B522D,ED54A2F43B95F371E1802E5BF6EC317987251164,9131ACC529C688119BC2AF42168126D62E106907DDCD732623EAA3D54E212D53
_fixes_updates_info.TBEx.YYYY-MM-DD-HHmmZZZ.sh,\_scripting_tools,8018691B3AC0FB633DA74BAE826BF061,5E497B9636E66B0F17EF8FBDD230D309EA99C5BF,9CB87EAF6C7FE5F042EEDF76D19A2A1C89D7AA5BE6A8B67FD9B4AD2E1ED2AECD
_fixes_updates_info.TBEx.YYYY-MM-DD-HHmmZZZ.updated.sh,\_scripting_tools,5BE79EE9C37C48CB56A04C29A67B9FC7,E175779C96E015893E369E5C1E5997D9819FD6AD,09BDCAB8B67D08999CB134D9538DD25B381D2AA1E7C376C2932E7EF0A3D7FBB8
_procedure_strawman.template.sh,\_scripting_tools,B2B4408D7091EA65E63B357296DDEAF0,94EA9E6E37FC4E65E7531A8825640F8EFF169B8D,E6CFA62310492F15016C5CE1A021183EB477FAFFEA03A2B4FC49FDFE700C4292
_template_update_info.sh,\_scripting_tools,7AA267F1A56B1BA57A39B6B1D64D6504,AA4EA343461281574F4BE9AA66E5AB82DD0DDD17,43A20F3CA81E93815D13C594E9639282F75DD421185D9FBE478FF20798FE13B7
_update_info_template.template.sh,\_scripting_tools,C42D38B9B5129F64BBA22B1B04788D0B,EC0FA0F4052AD95CB99A015F94877FF8203F4BFB,2B732291C5B18F37B0993DCF3AF5D0C6E804722CFD3CC5D38CB7EB230B8B5249
basic_script_setup.subscript.010.v05.32.00.sh,\_subscripts,5469C8F4D96AA45A89AFE71FB6DF5045,BB7EA8209F5E4D166991FDA41619E193EB216F7B,71BC662E141E6B8F7BEE2BB827F699042ED52683C40CA0F2F2CFF6C0AC163ABC
cmd_line_parameters_handler.subscript.010.v05.32.00.sh,\_subscripts,08E2D81DDD10046909C9BF1AE7182839,EB828D95F8C78BCB656C07F0EFB5FA5B1FAF4C9B,C41D48D0E0886049A9E50E1EE36C1AB887061F93A6DA9167CD35A48DD93ECF62
gaia_version_installation_type.subscript.010.v05.32.00.sh,\_subscripts,79E23083961424D7BB09398E61F1CB3B,80740919127D378581913322D2B42B8A9BD482FA,65D208EE5674B8CD144B876C3442E495B8EA4CB9DA485CDEEC1581754F651C80
mgmt_cli_api_operations.subscript.010.v05.32.00.sh,\_subscripts,CA8F7BDF8D3FD73B36B0AB1CAF828DF5,49E65E362F9FF8F3BC096CFA927F2B32351ACA6E,555D47E9C35020C80DABD39410CA01C8AA71FF3CD0D4DC569096F7AA7511788C
script_output_paths_and_folders.subscript.010.v05.32.00.sh,\_subscripts,DB436B962C3BC5127C2637AA2B799A5F,8FAC59F3A19CAD699545D9619A48F98B373E235C,CB31DDC79D67657B9D6B3679BF0294F66A0C45DF306E0B51EB4EC9AE5AC8A1FF
subscripts.2022-12-09-1200CST.010.v05.32.00.000.template.v05.32.00.version,\_subscripts,7EC048CD7FD7E2F656042D2525591E04,26F88C103257D8830C13893CA162CDFF54F171BF,B0B0DFBE95893982D5A87B09A40B72C42F39714A4DACE1DA5B69F5BF32CFBA38
_template_sub_scripts.subscript.010.v05.32.00.sh,\_subscripts,A334EBD5FAD1B31BBA3436A4E07F5D48,DD0F0A0F214DE44FFA3162F4D8F9ADA9961724CF,9DD5678BE0AD113F4FFDEFC89865CB7A08F4C014F367165AEFA4B765335D1400
_templates.2022-12-09-1200CST.v05.32.00.000.version,\_template,6BC1C7534B3F49CAF90ED1A7391DF08B,94CFF5B2FA7CB8F184D20A21ED598E0B9123C1EB,D9D7B5500460B417AE1D96B69FA38ED320C00391A7B2881843F667755F917728
_template_bash_scripts.010.v05.32.00.000.sh,\_template,6E9EAEEFFC1B69F40FD4ADF8EA232B04,9E52C46E85B2B461556C624246DC0D4937E91977,4A3B09B29DD487F3CB14A1CDF4F8674C0B74A723B5679AD0BB560988D6C03F97
_template_bash_scripts.tftp_upload.010.v05.32.00.000.sh,\_template,FA30C7F6AB062F120DBDC65755962D61,B49EC476614E3DCF58763405EB602C1BDF82E274,A971A9268B62BD0A2F40DD0274365F27BF3FF18AB1A17FEBD6D8E56FC4EA2385
_template_bash_scripts_light.010.v05.32.00.000.sh,\_template,9C0A10B07E8E6C2DB87DCAC2C9C62A96,36AEA0E8A9C31E129C2F7614494EB62B9196B0E0,7E544CCA33598F45CC75B02426A22EAEADF4ACA44462DAE1BD1F9AAB5AB1E492
_template_bash_scripts_light_gaia_version.010.v05.32.00.000.sh,\_template,F30E6D481F3AE424E6E00B9091C9F86D,72CBED8FCF5791F296E254F5B021B6FC59A6320D,B0CB3102C0BA6F11A3BDC1710991603D4C92923D953D40E7B633757AFA5373AA
_template_bash_scripts_light_no_logging.010.v05.32.00.000.sh,\_template,E96D5E14362DF2B2A08EDEBACB4913CD,4E628207128E126BDBE34A0B3C515113B7ACF061,90DC5187724D1E56CA09E1D6230BB1813CA676EF2E1359B3772FA41DA00A1A51
code_snipet.break_filename_into_parts.sh,\_template\Code_Snipets,7C50A85273EC06175611E8487CCF0969,B1024494F1291C63D3629B291CE0A32F0B9C384A,A98089BD3A524DC85482F19E96DCD4A59E03460AD8C2622D5B238F4C02AF77BD
code_snipet.collect_domains_into_array.sh,\_template\Code_Snipets,9CC620FE667D480DB3E730CCDD3CC964,CDC9F88EF77384F4E6C9F857295DD52E22DAA166,01E6C0212C1FCCA6D7F0F5C703953C1E6C39DB55E883B7507EE450FFD64737F4
code_snipet.collect_files_into_array.sh,\_template\Code_Snipets,A4F79B6C0CA99957F48188ED23A4C127,31A3C3995E96440582A93FC033E759EB50F1DDA9,D68E73BB904157699E96C7ABA6DDDC6085787B47B38544DA9899E1F2A5E6FB89
code_snipet.collect_interfaces_into_array.sh,\_template\Code_Snipets,9A56781EC4AD0CAA504BCF4F1CD19B0B,F2055C9CD45B753DA082E6EC76790B8E53B1E8CF,5314F9E7DDD892820EF4DD5E277732E26BF6F5AE15CFC178C920E2D3C838E2F4
code_snipet.cpprod_util_tests.sh,\_template\Code_Snipets,596AF2323B12E306AE6C8E1BD613149A,9C43B0DDB3B71567CF64B2E1CE28151B63AE3D7A,456E9F01D15AFD6941DFA92A66BFC7BEBD49695F72D328ADB8A61B04016AB470
code_snipet.gaia_platform_version_python_using_bash.sh,\_template\Code_Snipets,C88A8E10F29618DC45D2F5F8A4C13103,57D070533DE385C77B59978049867EC929A39717,92574A2145841783BADFA5F9011C477A32249B07E6F617B1DA7A408C7A75757A
code_snipet.gaia_version_type_check.sh,\_template\Code_Snipets,FE85AAE19B13C43F926942216697FC61,DFE3E1FDDF42540D40471F411A2745FE2D993871,435B70FDD8E85B05032667DDAE0E0E27F7F92BEA30EA262089287A6082E50BA2
code_snipet.gaia_web_ssl-port_python_using_bash.sh,\_template\Code_Snipets,D50F46F1CCABDC3F7F8F79C2791333DD,5230062A6D5779978DF3F05393B3660D9C58BE39,06B10190EB02C5E270604CB8670EFEFB4D8E5C4FF183CA6CAC96C908E408B76C
code_snipet.read_file_line_by_line_and_process_each_line.sh,\_template\Code_Snipets,E0C5137E1DF744B4407A6B08BF4862CD,29C99292842E4142FC305E57152262AA5FBEC61B,DD538EF0748C2A2B54F7650C5D58838F2772CD01AA314D0E43A28CF145E914A0
code_snipet.read_file_line_by_line_and_process_each_line_into_an_array.sh,\_template\Code_Snipets,B677438010EF38776AE0F9BB9B915A47,F28A878F443976D4BD691EEE2A04BA70FBD8A920,7748BE7E2A386F3486F7A4818E01177D9128986E083E1FA9CBEAA2DAE08F61B3
